Combinatorial SLIC/Gibson/CPEC j5 v3.4.3 assembly 10/20/2020,,,,,,,,,,,,,,,,,,,,,,,,,,,,,,,,,,,,,,,,,,,,,,
"Please cite: Hillson, N.J., Rosengarten, R.D., and Keasling J.D. (2012) j5 DNA Assembly Design Automation Software. ACS Synthetic Biology 1 (1), 14-21. DOI: 10.1021/sb2000116",,,,,,,,,,,,,,,,,,,,,,,,,,,,,,,,,,,,,,,,,,,,,,
Warning: the GIBSONOVERLAPBPS parameter must be an even number of bps (15 is odd). Increasing to 16...,,,,,,,,,,,,,,,,,,,,,,,,,,,,,,,,,,,,,,,,,,,,,,
Warning: the PRIMER_MAX_SIZE parameter must be less than or equal to 36 bps (60 bps is too long for Primer3). Ignoring...,,,,,,,,,,,,,,,,,,,,,,,,,,,,,,,,,,,,,,,,,,,,,,
,,,,,,,,,,,,,,,,,,,,,,,,,,,,,,,,,,,,,,,,,,,,,,
Assembly Parameters:,,,,,,,,,,,,,,,,,,,,,,,,,,,,,,,,,,,,,,,,,,,,,,
MASTEROLIGONUMBEROFDIGITS,MASTERPLASMIDNUMBEROFDIGITS,GIBSONOVERLAPBPS,GIBSONOVERLAPMINTM,GIBSONOVERLAPMAXTM,MAXIMUMOLIGOLENGTHBPS,MINIMUMFRAGMENTSIZEGIBSONBPS,GOLDENGATEOVERHANGBPS,GOLDENGATERECOGNITIONSEQ,GOLDENGATETERMINIEXTRASEQ,GOLDENGATETERMINIEXTRASEQDNASYNTHESISALT,MAXIMUM_IDENTITIES_GOLDEN_GATE_OVERHANGS_COMPATIBLE,OLIGOSYNTHESISCOSTPERBPUSD,OLIGOPAGEPURIFICATIONCOSTPERPIECEUSD,OLIGOMAXLENGTHNOPAGEPURIFICATIONREQUIREDBPS,MINIMUMPCRPRODUCTBPS,DIRECTSYNTHESISCOSTPERBPUSD,DIRECTSYNTHESISMINIUMUMCOSTPERPIECEUSD,PRIMER_GC_CLAMP,PRIMER_MIN_SIZE,PRIMER_MAX_SIZE,DEFAULT_PURE_PRIMER_LENGTH_BPS,PRIMER_MIN_TM,PRIMER_MAX_TM,PRIMER_MAX_DIFF_TM,PRIMER_MAX_SELF_ANY_TH,PRIMER_MAX_SELF_END_TH,PRIMER_PAIR_MAX_COMPL_ANY_TH,PRIMER_PAIR_MAX_COMPL_END_TH,PRIMER_TM_SANTALUCIA,PRIMER_SALT_CORRECTIONS,PRIMER_DNA_CONC,MISPRIMING_3PRIME_BOUNDARY_BP_TO_WARN_IF_HIT,MISPRIMING_MIN_TM,MISPRIMING_SALT_CONC,MISPRIMING_OLIGO_CONC,OUTPUT_SEQUENCE_FORMAT,SUPPRESS_PRIMER_ANNOTATIONS,SUPPRESS_PURE_PRIMERS,ASSEMBLY_PRODUCT_TYPE,HOMOLOGY_MIN_LENGTH_BPS,HOMOLOGY_MAX_FRACTION_MISMATCHES,APPEND_UUID_TO_PLASMID_OLIGO_AND_SYNTHESIS_NAME,COMBINATORIAL_DESIGN_LAYOUT_TYPE,MINIMUMDNASYNTHESISLENGTHBPS,MAXIMUMDNASYNTHESISLENGTHBPS,Primer3 version
5,5,16,47,52,60,250,4,GGTCTC,CACACCAGGTCTCA,CACACCAGGTCTCA,2,0.1,40,60,100,0.39,159,2,18,36,26,47,72,5,47,47,47,47,1,1,250,4,45,0.05,2.50E-07,Genbank,FALSE,TRUE,circular,15,0.05,FALSE,combinatorial,300,5000,2.4.0
,,,,,,,,,,,,,,,,,,,,,,,,,,,,,,,,,,,,,,,,,,,,,,
Note: sequence pWL65_pGP8G2_AFB1_3xF6xH_pj5_0100pNL1557 is implied to be circular...,,,,,,,,,,,,,,,,,,,,,,,,,,,,,,,,,,,,,,,,,,,,,,
,,,,,,,,,,,,,,,,,,,,,,,,,,,,,,,,,,,,,,,,,,,,,,
Non-degenerate Part IDs and Sources,,,,,,,,,,,,,,,,,,,,,,,,,,,,,,,,,,,,,,,,,,,,,,
Part,,Location,,,,,,,,,,,,,,,,,,,,,,,,,,,,,,,,,,,,,,,,,,,,
ID Number,Name,Source Plasmid,Reverse Complement,Start (bp),End (bp),Size (bp),Sequence,,,,,,,,,,,,,,,,,,,,,,,,,,,,,,,,,,,,,,,
0,AFB1_noflagtag,pWL65_pGP8G2_AFB1_3xF6xH_pj5_0100pNL1557,FALSE,7242,3822,4166,TCAGCATCTTTTACTTTCACCAGCGTTTCTGGGTGAGCAAAAACAGGAAGGCAAAATGCCGCAAAAAAGGGAATAAGGGCGACACGGAAATGTTGAATACTCATACTCTTCCTTTTTCAATATTATTGAAGCATTTATCAGGGTTATTGTCTCATGAGCGGATACATATTTGAATGTATTTAGAAAAATAAACAAATAGGGGTTCCGCGCACATTTCCCCGAAAAGTGCCACCTGACGTCTTATTATCATGACATTAACCTATAAAAATAGGCGTATCACGAGGCCCTTTCGTCTCGCGCGTTTCGGTGATGACGGTGAAAACCTCTGACACATGCAGCTCCCGGAGACGGTCACAGCTTGTCTGTAAGCGGATGCCGGGAGCAGACAAGCCCGTCAGGGCGCGTCAGCGGGTGTTGGCGGGTGTCGGGGCTGGCTTAACTATGCGGCATCAGAGCAGATTGTACTGAGAGTGCACCATAATTCGTTTAAACCGTTTTAAGAGCTTGGTGAGCGCTAGGAGTCACTGCCAGGTATCGTTTGAACACGGCATTAGTCAGGGAAGTCATAACACAGTCCTTTCCCGCAATTTTCTTTTTCTATTACTCTTGGCCTCCTCTAGTACACTCTATATTTTTTTATGCCTCGGTAATGATTTTCATTTTTTTTTTTCCACCTAGCGGATGACTCTTTTTTTTTCTTAGCGATTGGCATTATCACATAATGAATTATACATTATATAAAGTAATGTGATTTCTTCGAAGAATATACTAAAAAATGAGCAGGCAAGATAAACGAAGGCAAAGATGACAGAGCAGAAAGCCCTAGTAAAGCGTATTACAAATGAAACCAAGATTCAGATTGCGATCTCTTTAAAGGGTGGTCCCCTAGCGATAGAGCACTCGATCTTCCCAGAAAAAGAGGCAGAAGCAGTAGCAGAACAGGCCACACAATCGCAAGTGATTAACGTCCACACAGGTATAGGGTTTCTGGACCATATGATACATGCTCTGGCCAAGCATTCCGGCTGGTCGCTAATCGTTGAGTGCATTGGTGACTTACACATAGACGACCATCACACCACTGAAGACTGCGGGATTGCTCTCGGTCAAGCTTTTAAAGAGGCCCTAGGGGCCGTGCGTGGAGTAAAAAGGTTTGGATCAGGATTTGCGCCTTTGGATGAGGCACTTTCCAGAGCGGTGGTAGATCTTTCGAACAGGCCGTACGCAGTTGTCGAACTTGGTTTGCAAAGGGAGAAAGTAGGAGATCTCTCTTGCGAGATGATCCCGCATTTTCTTGAAAGCTTTGCAGAGGCTAGCAGAATTACCCTCCACGTTGATTGTCTGCGAGGCAAGAATGATCATCACCGTAGTGAGAGTGCGTTCAAGGCTCTTGCGGTTGCCATAAGAGAAGCCACCTCGCCCAATGGTACCAACGATGTTCCCTCCACCAAAGGTGTTCTTATGTAGGCGAATTTCTTATGATTTATGATTTTTATTATTAAATAAGTTATAAAAAAAATAAGTGTATACAAATTTTAAAGTGACTCTTAGGTTTTAAAACGAAAATTCTTATTCTTGAGTAACTCTTTCCTGTAGGTCAGGTTGCTTTCTCAGGTATAGCATGAGGTCGCTCTTATTGACCACACCTCAGTTTATCATTATCAATACTCGCCATTTCAAAGAATACGTAAATAATTAATAGTAGTGATTTTCCTAACTTTATTTAGTCAAAAAATTAGCCTTTTAATTCTGCTGTAACCCGTACATGCCCAAAATAGGGGGCGGGTTACACAGAATATATAACATCGTAGGTGTCTGGGTGAACAGTTTATTCCTGGCATCCACTAAATATAATGGAGCCCGCTTTTTAAGCTGGCATCCAGAAAAAAAAAGAATCCCAGCACCAAAATATTGTTTTCTTCACCAACCATCAGTTCATAGGTCCATTCTCTTAGCGCAACTACAGAGAACAGGGGCACAAACAGGCAAAAAACGGGCACAACCTCAATGGAGTGATGCAACCTGCCTGGAGTAAATGATGACACAAGGCAATTGACCCACGCATGTATCTATCTCATTTTCTTACACCTTCTATTACCTTCTGCTCTCTCTGATTTGGAAAAAGCTGAAAAAAAAGGTTGAAACCAGTTCCCTGAAATTATTCCCCTACTTGACTAATAAGTATATAAAGACGGTAGGTATTGATTGTAATTCTGTAAATCTATTTCTTAAACTTCTTAAATTCTACTTTTATAGTTAGTCTTTTTTTTAGTTTTAAAACACCAGAACTTAGTTTCGACGGATTCTAGAACTAGTGGATCCCCCATCACAAAATGGGACTCCGATTCCCACCTAAGGTGTTGGAACATATCCTCTCCTTCATTGATTCCAACGAGGACCGGAACTCTGTTTCTCTGGTCTGCAAGTCATGGTTTGAGACAGAACGGAAGACTAGGAAGCGAGTCTTTGTCGGAAACTGTTACGCGGTCAGTCCTGCTGCGGTTACACGACGGTTCCCGGAGATGAGATCTTTGACTTTGAAGGGGAAGCCACACTTCGCTGACTATAATCTCGTTCCTGATGGTTGGGGTGGTTATGCTTGGCCGTGGATTGAAGCTATGGCGGCGAAAAGTTCGTCTCTTGAAGAGATCAGAATGAAGAGGATGGTGGTGACTGATGAGTGCTTAGAGAAAATTGCTGCTTCGTTTAAGGATTTTAAAGTCCTTGTGTTGACTTCTTGTGAAGGTTTCTCTACTGATGGTATCGCTGCTATTGCAGCTACTTGCAGGAACTTGAGAGTGTTGGAACTACGAGAGTGTATTGTTGAAGATTTAGGAGGAGATTGGCTTAGCTATTTTCCAGAGAGTTCAACTTCTTTAGTCTCTCTTGACTTCTCTTGTTTAGATTCTGAGGTTAAAATCTCGGATTTAGAGCGTCTTGTGAGCAGATCTCCAAACTTGAAGTCTTTGAAGTTGAATCCAGCTGTGACTCTAGATGGACTCGTTAGCTTACTTCGTTGTGCTCCACAACTGACTGAGCTCGGCACAGGTTCTTTCGCAGCTCAATTGAAACCTGAAGCGTTTTCAAAGTTATCAGAAGCTTTTTCAAACTGTAAGCAACTTCAGAGCTTATCTGGACTCTGGGATGTCCTCCCTGAATATCTTCCAGCTCTTTATTCTGTCTGTCCTGGTCTTACCTCGTTGAACTTGAGCTACGCTACTGTCCGAATGCCTGATCTTGTTGAGCTTCTTAGGCGATGCTCGAAACTGCAGAAGCTATGGGTGATGGACTTGATTGAGGACAAAGGTCTTGAAGCTGTTGCCTCATATTGCAAGGAACTGCGAGAACTGAGGGTGTTTCCATCTGAGCCAGATCTTGATGCAACCAACATACCTCTGACGGAACAAGGCCTGGTCTTTGTGTCTAAAGGCTGTCGAAAGCTTGAGTCTGTTCTCTACTTCTGTGTCCAGTTCACAAACGCAGCTTTGTTTACCATAGCAAGAAAACGTCCGAATCTCAAGTGCTTCCGTCTCTGTGTGATAGAGCCATTTGCTCCTGATTACAAAACAAATGAGCCACTTGATAAAGGATTCAAAGCCATAGCTGAGGGATGCAGGGATCTTCGACGGCTCTCCGTCTCTGGTCTTCTCTCTGACAAGGCCTTCAAATACATTGGGAAACATGCCAAGAAGGTTAGGATGCTATCAATAGCATTTGCTGGGGACAGTGATTTGATGCTTCATCACTTGTTGTCGGGCTGTGAGAGTTTAAAGAAGCTTGAGATACGAGACTGCCCTTTTGGAGACACTGCACTACTGGAGCACGCTGCCAAGCTAGAGACGATGCGATCCCTTTGGATGTCATCTTGCTTTGTAAGTTTTGGTGCTTGCAAGCTTCTAAGTCAGAAAATGCCAAGGCTCAATGTCGAAGTCATTGATGAACATCCTCCAGAGTCAAGACCTGAGAGCTCTCCAGTTGAGAGGATATACATATACAGAACAGTCGCAGGACCGAGAATGGATACGCCTGAATTTGTGTGGACGATACACAAGAATCCTGAGAATGGAGTTTCACATCTAGCCATAAAGGGATCTGGTGGAGATTACAAGGATCATGATGGTGATTACAAGGATCACGACATCGACTACAAGGATGACGATGACAAG,,,,,,,,,,,,,,,,,,,,,,,,,,,,,,,,,,,,,,,
1,c--,pWL65_pGP8G2_AFB1_3xF6xH_pj5_0100pNL1557,FALSE,5636,5636,1,C,,,,,,,,,,,,,,,,,,,,,,,,,,,,,,,,,,,,,,,
2,AFB1_noflagtag2,pWL65_pGP8G2_AFB1_3xF6xH_pj5_0100pNL1557,FALSE,3841,7240,3400,TGATTCTATGTCAGGCTCCCTTATACACAGCCAGTCTGCAGGTCGACCATAGTGACTGGATATGTTGTGTTTTACAGTATTATGTAGTCTGTTTTTTATGCAAAATCTAATTTAATATATTGATATTTATATCATTTTACGTTTCTCGTTCAGCTTTCTTGTACAAAGTGGTGATGGGCTGCAGGAATTCGATATCAAGCTTATCGATACCGTCGACCTCGAGTCATGTAATTAGTTATGTCACGCTTACATTCACGCCCTCCCCCCACATCCGCTCTAACCGAAAAGGAAGGAGTTAGACAACCTGAAGTCTAGGTCCCTATTTATTTTTTTATAGTTATGTTAGTATTAAGAACGTTATTTATATTTCAAATTTTTCTTTTTTTTCTGTACAGACGCGTGTACGCATGTAACATTATACTGAAAACCTTGCTTGAGAAGGTTTTGGGACGCTCGAAGGCTTTAATTTGTGACACCGATTATTTAAAGCTGCAGCATACGATATATATACATGTGTATATATGTATACCTATGAATGTCAGTAAGTATGTATACGAACAGTATGATACTGAAGATGACAAGGTAATGCATCATTCTATACGTGTCATTCTGAACGAGGCGCGCTTTCCTTTTTTCTTTTTGCTTTTTCTTTTTTTTTCTCTTGAACTCGAGAAAAAAAATATAAAAGAGATGGAGGAACGGGAAAAAGTTAGTTGTGGTGATAGGTGGCAAGTGGTATTCCGTAAGAACAACAAGAAAAGCATTTCATATTATGGCTGAACTGAGCGAACAAGTGCAAAATTTAAGCATCAACGACAACAACGAGAATGGTTATGTTCCTCCTCACTTAAGAGGAAAACCAAGAAGTGCCAGAAATAACAGTAGCAACTACAATAACAACAACGGCGGCTACAACGGTGGCCGTGGCGGTGGCAGCTTCTTTAGCAACAACCGTCGTGGTGGTTACGGCAACGGTGGTTTCTTCGGTGGAAACAACGGTGGCAGCAGATCTAACGGCCGTTCTGGTGGTAGATGGATCGATGGCAAACATGTCCCAGCTCCAAGAAACGAAAAGGCCGAGATCGCCATATTTGGTGTCCCCGAGGATCCAAATTTCCAATCTTCTGGTATTAACTTCGATAACTACGATGATATTCCAGTGGACGCCTCTGGTAAGGATGTTCCTGAACCAATCACAGAATTTACCTCACCTCCATTGGACGGATTGTTATTGGAAAACATCAAATTGGCCCGTTTCACCAAGCCAACACCTGTGCAAAAATACTCCGTCCCTATCGTTGCCAACGGCAGAGATTTGATGGCCTGTGCGCAGACCGGTTCTGGTAAGACTGGTGGGTTTTTATTCCCAGTGTTGTCCGAATCATTTAAGACTGGACCATCTCCTCAACCAGAGTCTCAAGGCTCCTTTTACCAAAGAAAGGCCTACCCAACTGCTGTCATTATGGCTCCAGTTTAAACCATGGTCATAGCTGTTTCCTGTGTGAAATTGTTATCCGCTCACAATTCCACACAACATAGGAGCCGGAAGCATAAAGTGTAAAGCCTGGGGTGCCTAATGAGTGAGGTAACTCACATTAATTGCGTTGCGCTCACTGCCCGCTTTCCAGTCGGGAAACCTGTCGTGCCAGCTGCATTAATGAATCGGCCAACGCGCGGGGAGAGGCGGTTTGCGTATTGGGCGCTCTTCCGCTTCCTCGCTCACTGACTCGCTGCGCTCGGTCGTTCGGCTGCGGCGAGCGGTATCAGCTCACTCAAAGGCGGTAATACGGTTATCCACAGAATCAGGGGATAACGCAGGAAAGAACATGTGAGCAAAAGGCCAGCAAAAGGCCAGGAACCGTAAAAAGGCCGCGTTGCTGGCGTTTTTCCATAGGCTCGGCCCCCCTGACGAGCATCACAAAAATCGACGCTCAAGTCAGAGGTGGCGAAACCCGACAGGACTATAAAGATACCAGGCGTTCCCCCCTGGAAGCTCCCTCGTGCGCTCTCCTGTTCCGACCCTGCCGCTTACCGGATACCTGTCCGCCTTTCTCCCTTCGGGAAGCGTGGCGCTTTCTCAATGCTCACGCTGTAGGTATCTCAGTTCGGTGTAGGTCGTTCGCTCCAAGCTGGGCTGTGTGCACGAACCCCCCGTTCAGCCCGACCGCTGCGCCTTATCCGGTAACTATCGTCTTGAGTCCAACCCGGTAAGACACGACTTATCGCCACTGGCAGCAGCCACTGGTAACAGGATTAGCAGAGCGAGGTATGTAGGCGGTGCTACAGAGTTCTTGAAGTGGTGGCCTAACTACGGCTACACTAGAAGGACAGTATTTGGTATCTGCGCTCTGCTGAAGCCAGTTACCTTCGGAAAAAGAGTTGGTAGCTCTTGATCCGGCAAACAAACCACCGCTGGTAGCGGTGGTTTTTTTGTTTGCAAGCAGCAGATTACGCGCAGAAAAAAAGGATCTCAAGAAGATCCTTTGATCTTTTCTACGGGGTCTGACGCTCAGTGGAACGAAAACTCACGTTAAGGGATTTTGGTCATGAGATTATCAAAAAGGATCTTCACCTAGATCCTTTTAAATTAAAAATGAAGTTTTAAATCAATCTAAAGTATATATGAGTAAACTTGGTCTGACAGTTACCAATGCTTAATCAGTGAGGCACCTATCTCAGCGATCTGTCTATTTCGTTCATCCATAGTTGCCTGACTGCCCGTCGTGTAGATAACTACGATACGGGAGGGCTTACCATCTGGCCCCAGTGCTGCAATGATACCGCGAGATCCACGCTCACCGGCTCCAGATTTATCAGCAATAAACCAGCCAGCCGGAAGGGCCGAGCGCAGAAGTGGTCCTGCAACTTTATCCGCCTCCATCCAGTCTATTAATTGTTGCCGGGAAGCTAGAGTAAGTAGTTCGCCAGTTAATAGTTTGCGCAACGTTGTTGCCATTGCTACAGGCATCGTGGTGTCACGCTCGTCGTTTGGTATGGCTTCATTCAGCTCCGGTTCCCAACGATCAAGGCGAGTTACATGATCCCCCATGTTGTGAAAAAAAGCGGTTAGCTCCTTCGGTCCTCCGATCGTTGTCAGAAGTAAGTTGGCCGCAGTGTTATCACTCATGGTTATGGCAGCACTGCATAATTCTCTTACTGTCATGCCATCCGTAAGATGCTTTTCTGTGACTGGTGAGTACTCAACCAAGTCATTCTGAGAATAGTGTATGCGGCGACCGAGTTGCTCTTGCCCGGCGTCAATACGGGATAATACCGCGCCACATAGCAGAACTTTAAAAGTGCTCATCATTGGAAAACGTTCTTCGGGGCGAAAACTCTCAAGGATCTTACCGCTGTTGAGATCCAGTTCGATGTAACCCACTCGTGCACCCAACTGATC,,,,,,,,,,,,,,,,,,,,,,,,,,,,,,,,,,,,,,,
,,,,,,,,,,,,,,,,,,,,,,,,,,,,,,,,,,,,,,,,,,,,,,
,,,,,,,,,,,,,,,,,,,,,,,,,,,,,,,,,,,,,,,,,,,,,,
Target Bin Selected Relative Overlap Positions and Extra 5'/3' CPEC bps:,,,,,,,,,,,,,,,,,,,,,,,,,,,,,,,,,,,,,,,,,,,,,,
ID Number,Name,Relative Overlap Position (bp),Extra 5' CPEC bps,Extra 3' CPEC bps,,,,,,,,,,,,,,,,,,,,,,,,,,,,,,,,,,,,,,,,,,
0,AFB_1,0,2,3,,,,,,,,,,,,,,,,,,,,,,,,,,,,,,,,,,,,,,,,,,
1,No_name_2,,,,,,,,,,,,,,,,,,,,,,,,,,,,,,,,,,,,,,,,,,,,,
2,AFB_2,0,0,0,,,,,,,,,,,,,,,,,,,,,,,,,,,,,,,,,,,,,,,,,,
,,,,,,,,,,,,,,,,,,,,,,,,,,,,,,,,,,,,,,,,,,,,,,
Oligo Synthesis,,,,,,,,,,,,,,,,,,,,,,,,,,,,,,,,,,,,,,,,,,,,,,
ID Number,Name,Length,Tm,Tm (3' only),Cost,Sequence,Sequence (3' only),,,,,,,,,,,,,,,,,,,,,,,,,,,,,,,,,,,,,,,
0,mas00013_(TIR1_E12K)_forward,33,69.679,63.883,0,ACTGATCCTCAGCATCTTTTACTTTCACCAGCG,TCAGCATCTTTTACTTTCACCAGCG,,,,,,,,,,,,,,,,,,,,,,,,,,,,,,,,,,,,,,,
1,mas00020_(AFB1_noflagtag)_reverse,36,68.633,63.272,3.6,ACATAGAATCACTTGTCATCGTCATCCTTGTAGTCG,CTTGTCATCGTCATCCTTGTAGTCG,,,,,,,,,,,,,,,,,,,,,,,,,,,,,,,,,,,,,,,
2,mas00021_(AFB1_noflagtag2)_forward,41,69.938,67.27,4.1,CGATGACAAGTGATTCTATGTCAGGCTCCCTTATACACAGC,TGATTCTATGTCAGGCTCCCTTATACACAGC,,,,,,,,,,,,,,,,,,,,,,,,,,,,,,,,,,,,,,,
3,mas00004_(AFB1_V113A2)_(C2)_reverse,32,74.396,67.667,0,GATGCTGAGGATCAGTTGGGTGCACGAGTGGG,GATCAGTTGGGTGCACGAGTGGG,,,,,,,,,,,,,,,,,,,,,,,,,,,,,,,,,,,,,,,
,,,,,,,,,,,,,,,,,,,,,,,,,,,,,,,,,,,,,,,,,,,,,,
PCR Reactions,,,Forward Oligo,,Reverse Oligo,,,,,,,,,,,,,,,,,,,,,,,,,,,,,,,,,,,,,,,,,
ID Number,Primary Template,Alternate Template,ID Number,Name,ID Number,Name,Note,Mean Oligo Tm,Delta Oligo Tm,Mean Oligo Tm (3' only),Delta Oligo Tm (3' only),Length,Sequence,,,,,,,,,,,,,,,,,,,,,,,,,,,,,,,,,
0,pWL65_pGP8G2_AFB1_3xF6xH_pj5_0100pNL1557,,0,mas00013_(TIR1_E12K)_forward,1,mas00020_(AFB1_noflagtag)_reverse,PCR,69.156,1.046,63.5775,0.611,4185,ACTGATCCTCAGCATCTTTTACTTTCACCAGCGTTTCTGGGTGAGCAAAAACAGGAAGGCAAAATGCCGCAAAAAAGGGAATAAGGGCGACACGGAAATGTTGAATACTCATACTCTTCCTTTTTCAATATTATTGAAGCATTTATCAGGGTTATTGTCTCATGAGCGGATACATATTTGAATGTATTTAGAAAAATAAACAAATAGGGGTTCCGCGCACATTTCCCCGAAAAGTGCCACCTGACGTCTTATTATCATGACATTAACCTATAAAAATAGGCGTATCACGAGGCCCTTTCGTCTCGCGCGTTTCGGTGATGACGGTGAAAACCTCTGACACATGCAGCTCCCGGAGACGGTCACAGCTTGTCTGTAAGCGGATGCCGGGAGCAGACAAGCCCGTCAGGGCGCGTCAGCGGGTGTTGGCGGGTGTCGGGGCTGGCTTAACTATGCGGCATCAGAGCAGATTGTACTGAGAGTGCACCATAATTCGTTTAAACCGTTTTAAGAGCTTGGTGAGCGCTAGGAGTCACTGCCAGGTATCGTTTGAACACGGCATTAGTCAGGGAAGTCATAACACAGTCCTTTCCCGCAATTTTCTTTTTCTATTACTCTTGGCCTCCTCTAGTACACTCTATATTTTTTTATGCCTCGGTAATGATTTTCATTTTTTTTTTTCCACCTAGCGGATGACTCTTTTTTTTTCTTAGCGATTGGCATTATCACATAATGAATTATACATTATATAAAGTAATGTGATTTCTTCGAAGAATATACTAAAAAATGAGCAGGCAAGATAAACGAAGGCAAAGATGACAGAGCAGAAAGCCCTAGTAAAGCGTATTACAAATGAAACCAAGATTCAGATTGCGATCTCTTTAAAGGGTGGTCCCCTAGCGATAGAGCACTCGATCTTCCCAGAAAAAGAGGCAGAAGCAGTAGCAGAACAGGCCACACAATCGCAAGTGATTAACGTCCACACAGGTATAGGGTTTCTGGACCATATGATACATGCTCTGGCCAAGCATTCCGGCTGGTCGCTAATCGTTGAGTGCATTGGTGACTTACACATAGACGACCATCACACCACTGAAGACTGCGGGATTGCTCTCGGTCAAGCTTTTAAAGAGGCCCTAGGGGCCGTGCGTGGAGTAAAAAGGTTTGGATCAGGATTTGCGCCTTTGGATGAGGCACTTTCCAGAGCGGTGGTAGATCTTTCGAACAGGCCGTACGCAGTTGTCGAACTTGGTTTGCAAAGGGAGAAAGTAGGAGATCTCTCTTGCGAGATGATCCCGCATTTTCTTGAAAGCTTTGCAGAGGCTAGCAGAATTACCCTCCACGTTGATTGTCTGCGAGGCAAGAATGATCATCACCGTAGTGAGAGTGCGTTCAAGGCTCTTGCGGTTGCCATAAGAGAAGCCACCTCGCCCAATGGTACCAACGATGTTCCCTCCACCAAAGGTGTTCTTATGTAGGCGAATTTCTTATGATTTATGATTTTTATTATTAAATAAGTTATAAAAAAAATAAGTGTATACAAATTTTAAAGTGACTCTTAGGTTTTAAAACGAAAATTCTTATTCTTGAGTAACTCTTTCCTGTAGGTCAGGTTGCTTTCTCAGGTATAGCATGAGGTCGCTCTTATTGACCACACCTCAGTTTATCATTATCAATACTCGCCATTTCAAAGAATACGTAAATAATTAATAGTAGTGATTTTCCTAACTTTATTTAGTCAAAAAATTAGCCTTTTAATTCTGCTGTAACCCGTACATGCCCAAAATAGGGGGCGGGTTACACAGAATATATAACATCGTAGGTGTCTGGGTGAACAGTTTATTCCTGGCATCCACTAAATATAATGGAGCCCGCTTTTTAAGCTGGCATCCAGAAAAAAAAAGAATCCCAGCACCAAAATATTGTTTTCTTCACCAACCATCAGTTCATAGGTCCATTCTCTTAGCGCAACTACAGAGAACAGGGGCACAAACAGGCAAAAAACGGGCACAACCTCAATGGAGTGATGCAACCTGCCTGGAGTAAATGATGACACAAGGCAATTGACCCACGCATGTATCTATCTCATTTTCTTACACCTTCTATTACCTTCTGCTCTCTCTGATTTGGAAAAAGCTGAAAAAAAAGGTTGAAACCAGTTCCCTGAAATTATTCCCCTACTTGACTAATAAGTATATAAAGACGGTAGGTATTGATTGTAATTCTGTAAATCTATTTCTTAAACTTCTTAAATTCTACTTTTATAGTTAGTCTTTTTTTTAGTTTTAAAACACCAGAACTTAGTTTCGACGGATTCTAGAACTAGTGGATCCCCCATCACAAAATGGGACTCCGATTCCCACCTAAGGTGTTGGAACATATCCTCTCCTTCATTGATTCCAACGAGGACCGGAACTCTGTTTCTCTGGTCTGCAAGTCATGGTTTGAGACAGAACGGAAGACTAGGAAGCGAGTCTTTGTCGGAAACTGTTACGCGGTCAGTCCTGCTGCGGTTACACGACGGTTCCCGGAGATGAGATCTTTGACTTTGAAGGGGAAGCCACACTTCGCTGACTATAATCTCGTTCCTGATGGTTGGGGTGGTTATGCTTGGCCGTGGATTGAAGCTATGGCGGCGAAAAGTTCGTCTCTTGAAGAGATCAGAATGAAGAGGATGGTGGTGACTGATGAGTGCTTAGAGAAAATTGCTGCTTCGTTTAAGGATTTTAAAGTCCTTGTGTTGACTTCTTGTGAAGGTTTCTCTACTGATGGTATCGCTGCTATTGCAGCTACTTGCAGGAACTTGAGAGTGTTGGAACTACGAGAGTGTATTGTTGAAGATTTAGGAGGAGATTGGCTTAGCTATTTTCCAGAGAGTTCAACTTCTTTAGTCTCTCTTGACTTCTCTTGTTTAGATTCTGAGGTTAAAATCTCGGATTTAGAGCGTCTTGTGAGCAGATCTCCAAACTTGAAGTCTTTGAAGTTGAATCCAGCTGTGACTCTAGATGGACTCGTTAGCTTACTTCGTTGTGCTCCACAACTGACTGAGCTCGGCACAGGTTCTTTCGCAGCTCAATTGAAACCTGAAGCGTTTTCAAAGTTATCAGAAGCTTTTTCAAACTGTAAGCAACTTCAGAGCTTATCTGGACTCTGGGATGTCCTCCCTGAATATCTTCCAGCTCTTTATTCTGTCTGTCCTGGTCTTACCTCGTTGAACTTGAGCTACGCTACTGTCCGAATGCCTGATCTTGTTGAGCTTCTTAGGCGATGCTCGAAACTGCAGAAGCTATGGGTGATGGACTTGATTGAGGACAAAGGTCTTGAAGCTGTTGCCTCATATTGCAAGGAACTGCGAGAACTGAGGGTGTTTCCATCTGAGCCAGATCTTGATGCAACCAACATACCTCTGACGGAACAAGGCCTGGTCTTTGTGTCTAAAGGCTGTCGAAAGCTTGAGTCTGTTCTCTACTTCTGTGTCCAGTTCACAAACGCAGCTTTGTTTACCATAGCAAGAAAACGTCCGAATCTCAAGTGCTTCCGTCTCTGTGTGATAGAGCCATTTGCTCCTGATTACAAAACAAATGAGCCACTTGATAAAGGATTCAAAGCCATAGCTGAGGGATGCAGGGATCTTCGACGGCTCTCCGTCTCTGGTCTTCTCTCTGACAAGGCCTTCAAATACATTGGGAAACATGCCAAGAAGGTTAGGATGCTATCAATAGCATTTGCTGGGGACAGTGATTTGATGCTTCATCACTTGTTGTCGGGCTGTGAGAGTTTAAAGAAGCTTGAGATACGAGACTGCCCTTTTGGAGACACTGCACTACTGGAGCACGCTGCCAAGCTAGAGACGATGCGATCCCTTTGGATGTCATCTTGCTTTGTAAGTTTTGGTGCTTGCAAGCTTCTAAGTCAGAAAATGCCAAGGCTCAATGTCGAAGTCATTGATGAACATCCTCCAGAGTCAAGACCTGAGAGCTCTCCAGTTGAGAGGATATACATATACAGAACAGTCGCAGGACCGAGAATGGATACGCCTGAATTTGTGTGGACGATACACAAGAATCCTGAGAATGGAGTTTCACATCTAGCCATAAAGGGATCTGGTGGAGATTACAAGGATCATGATGGTGATTACAAGGATCACGACATCGACTACAAGGATGACGATGACAAGTGATTCTATGT,,,,,,,,,,,,,,,,,,,,,,,,,,,,,,,,,
1,pWL65_pGP8G2_AFB1_3xF6xH_pj5_0100pNL1557,,2,mas00021_(AFB1_noflagtag2)_forward,3,mas00004_(AFB1_V113A2)_(C2)_reverse,PCR,72.167,4.458,67.4685,0.397,3419,CGATGACAAGTGATTCTATGTCAGGCTCCCTTATACACAGCCAGTCTGCAGGTCGACCATAGTGACTGGATATGTTGTGTTTTACAGTATTATGTAGTCTGTTTTTTATGCAAAATCTAATTTAATATATTGATATTTATATCATTTTACGTTTCTCGTTCAGCTTTCTTGTACAAAGTGGTGATGGGCTGCAGGAATTCGATATCAAGCTTATCGATACCGTCGACCTCGAGTCATGTAATTAGTTATGTCACGCTTACATTCACGCCCTCCCCCCACATCCGCTCTAACCGAAAAGGAAGGAGTTAGACAACCTGAAGTCTAGGTCCCTATTTATTTTTTTATAGTTATGTTAGTATTAAGAACGTTATTTATATTTCAAATTTTTCTTTTTTTTCTGTACAGACGCGTGTACGCATGTAACATTATACTGAAAACCTTGCTTGAGAAGGTTTTGGGACGCTCGAAGGCTTTAATTTGTGACACCGATTATTTAAAGCTGCAGCATACGATATATATACATGTGTATATATGTATACCTATGAATGTCAGTAAGTATGTATACGAACAGTATGATACTGAAGATGACAAGGTAATGCATCATTCTATACGTGTCATTCTGAACGAGGCGCGCTTTCCTTTTTTCTTTTTGCTTTTTCTTTTTTTTTCTCTTGAACTCGAGAAAAAAAATATAAAAGAGATGGAGGAACGGGAAAAAGTTAGTTGTGGTGATAGGTGGCAAGTGGTATTCCGTAAGAACAACAAGAAAAGCATTTCATATTATGGCTGAACTGAGCGAACAAGTGCAAAATTTAAGCATCAACGACAACAACGAGAATGGTTATGTTCCTCCTCACTTAAGAGGAAAACCAAGAAGTGCCAGAAATAACAGTAGCAACTACAATAACAACAACGGCGGCTACAACGGTGGCCGTGGCGGTGGCAGCTTCTTTAGCAACAACCGTCGTGGTGGTTACGGCAACGGTGGTTTCTTCGGTGGAAACAACGGTGGCAGCAGATCTAACGGCCGTTCTGGTGGTAGATGGATCGATGGCAAACATGTCCCAGCTCCAAGAAACGAAAAGGCCGAGATCGCCATATTTGGTGTCCCCGAGGATCCAAATTTCCAATCTTCTGGTATTAACTTCGATAACTACGATGATATTCCAGTGGACGCCTCTGGTAAGGATGTTCCTGAACCAATCACAGAATTTACCTCACCTCCATTGGACGGATTGTTATTGGAAAACATCAAATTGGCCCGTTTCACCAAGCCAACACCTGTGCAAAAATACTCCGTCCCTATCGTTGCCAACGGCAGAGATTTGATGGCCTGTGCGCAGACCGGTTCTGGTAAGACTGGTGGGTTTTTATTCCCAGTGTTGTCCGAATCATTTAAGACTGGACCATCTCCTCAACCAGAGTCTCAAGGCTCCTTTTACCAAAGAAAGGCCTACCCAACTGCTGTCATTATGGCTCCAGTTTAAACCATGGTCATAGCTGTTTCCTGTGTGAAATTGTTATCCGCTCACAATTCCACACAACATAGGAGCCGGAAGCATAAAGTGTAAAGCCTGGGGTGCCTAATGAGTGAGGTAACTCACATTAATTGCGTTGCGCTCACTGCCCGCTTTCCAGTCGGGAAACCTGTCGTGCCAGCTGCATTAATGAATCGGCCAACGCGCGGGGAGAGGCGGTTTGCGTATTGGGCGCTCTTCCGCTTCCTCGCTCACTGACTCGCTGCGCTCGGTCGTTCGGCTGCGGCGAGCGGTATCAGCTCACTCAAAGGCGGTAATACGGTTATCCACAGAATCAGGGGATAACGCAGGAAAGAACATGTGAGCAAAAGGCCAGCAAAAGGCCAGGAACCGTAAAAAGGCCGCGTTGCTGGCGTTTTTCCATAGGCTCGGCCCCCCTGACGAGCATCACAAAAATCGACGCTCAAGTCAGAGGTGGCGAAACCCGACAGGACTATAAAGATACCAGGCGTTCCCCCCTGGAAGCTCCCTCGTGCGCTCTCCTGTTCCGACCCTGCCGCTTACCGGATACCTGTCCGCCTTTCTCCCTTCGGGAAGCGTGGCGCTTTCTCAATGCTCACGCTGTAGGTATCTCAGTTCGGTGTAGGTCGTTCGCTCCAAGCTGGGCTGTGTGCACGAACCCCCCGTTCAGCCCGACCGCTGCGCCTTATCCGGTAACTATCGTCTTGAGTCCAACCCGGTAAGACACGACTTATCGCCACTGGCAGCAGCCACTGGTAACAGGATTAGCAGAGCGAGGTATGTAGGCGGTGCTACAGAGTTCTTGAAGTGGTGGCCTAACTACGGCTACACTAGAAGGACAGTATTTGGTATCTGCGCTCTGCTGAAGCCAGTTACCTTCGGAAAAAGAGTTGGTAGCTCTTGATCCGGCAAACAAACCACCGCTGGTAGCGGTGGTTTTTTTGTTTGCAAGCAGCAGATTACGCGCAGAAAAAAAGGATCTCAAGAAGATCCTTTGATCTTTTCTACGGGGTCTGACGCTCAGTGGAACGAAAACTCACGTTAAGGGATTTTGGTCATGAGATTATCAAAAAGGATCTTCACCTAGATCCTTTTAAATTAAAAATGAAGTTTTAAATCAATCTAAAGTATATATGAGTAAACTTGGTCTGACAGTTACCAATGCTTAATCAGTGAGGCACCTATCTCAGCGATCTGTCTATTTCGTTCATCCATAGTTGCCTGACTGCCCGTCGTGTAGATAACTACGATACGGGAGGGCTTACCATCTGGCCCCAGTGCTGCAATGATACCGCGAGATCCACGCTCACCGGCTCCAGATTTATCAGCAATAAACCAGCCAGCCGGAAGGGCCGAGCGCAGAAGTGGTCCTGCAACTTTATCCGCCTCCATCCAGTCTATTAATTGTTGCCGGGAAGCTAGAGTAAGTAGTTCGCCAGTTAATAGTTTGCGCAACGTTGTTGCCATTGCTACAGGCATCGTGGTGTCACGCTCGTCGTTTGGTATGGCTTCATTCAGCTCCGGTTCCCAACGATCAAGGCGAGTTACATGATCCCCCATGTTGTGAAAAAAAGCGGTTAGCTCCTTCGGTCCTCCGATCGTTGTCAGAAGTAAGTTGGCCGCAGTGTTATCACTCATGGTTATGGCAGCACTGCATAATTCTCTTACTGTCATGCCATCCGTAAGATGCTTTTCTGTGACTGGTGAGTACTCAACCAAGTCATTCTGAGAATAGTGTATGCGGCGACCGAGTTGCTCTTGCCCGGCGTCAATACGGGATAATACCGCGCCACATAGCAGAACTTTAAAAGTGCTCATCATTGGAAAACGTTCTTCGGGGCGAAAACTCTCAAGGATCTTACCGCTGTTGAGATCCAGTTCGATGTAACCCACTCGTGCACCCAACTGATCCTCAGCATC,,,,,,,,,,,,,,,,,,,,,,,,,,,,,,,,,
,,,,,,,,,,,,,,,,,,,,,,,,,,,,,,,,,,,,,,,,,,,,,,
Assembly Pieces (SLIC/Gibson/CPEC),,,,,,,,,,,,,,,,,,,,,,,,,,,,,,,,,,,,,,,,,,,,,,
ID Number,Type,Type ID Number,Part(s),Relative Overlap Position,Extra 5' CPEC bps,Extra 3' CPEC bps,CPEC Tm Next,Overlap with Next (bps),Overlap with Next,Overlap with Next Reverse Complemenet,Sequence Length,Sequence,,,,,,,,,,,,,,,,,,,,,,,,,,,,,,,,,,
0,PCR,0,(AFB1_noflagtag),0,2,3,55.624,21,CGATGACAAGTGATTCTATGT,ACATAGAATCACTTGTCATCG,4185,ACTGATCCTCAGCATCTTTTACTTTCACCAGCGTTTCTGGGTGAGCAAAAACAGGAAGGCAAAATGCCGCAAAAAAGGGAATAAGGGCGACACGGAAATGTTGAATACTCATACTCTTCCTTTTTCAATATTATTGAAGCATTTATCAGGGTTATTGTCTCATGAGCGGATACATATTTGAATGTATTTAGAAAAATAAACAAATAGGGGTTCCGCGCACATTTCCCCGAAAAGTGCCACCTGACGTCTTATTATCATGACATTAACCTATAAAAATAGGCGTATCACGAGGCCCTTTCGTCTCGCGCGTTTCGGTGATGACGGTGAAAACCTCTGACACATGCAGCTCCCGGAGACGGTCACAGCTTGTCTGTAAGCGGATGCCGGGAGCAGACAAGCCCGTCAGGGCGCGTCAGCGGGTGTTGGCGGGTGTCGGGGCTGGCTTAACTATGCGGCATCAGAGCAGATTGTACTGAGAGTGCACCATAATTCGTTTAAACCGTTTTAAGAGCTTGGTGAGCGCTAGGAGTCACTGCCAGGTATCGTTTGAACACGGCATTAGTCAGGGAAGTCATAACACAGTCCTTTCCCGCAATTTTCTTTTTCTATTACTCTTGGCCTCCTCTAGTACACTCTATATTTTTTTATGCCTCGGTAATGATTTTCATTTTTTTTTTTCCACCTAGCGGATGACTCTTTTTTTTTCTTAGCGATTGGCATTATCACATAATGAATTATACATTATATAAAGTAATGTGATTTCTTCGAAGAATATACTAAAAAATGAGCAGGCAAGATAAACGAAGGCAAAGATGACAGAGCAGAAAGCCCTAGTAAAGCGTATTACAAATGAAACCAAGATTCAGATTGCGATCTCTTTAAAGGGTGGTCCCCTAGCGATAGAGCACTCGATCTTCCCAGAAAAAGAGGCAGAAGCAGTAGCAGAACAGGCCACACAATCGCAAGTGATTAACGTCCACACAGGTATAGGGTTTCTGGACCATATGATACATGCTCTGGCCAAGCATTCCGGCTGGTCGCTAATCGTTGAGTGCATTGGTGACTTACACATAGACGACCATCACACCACTGAAGACTGCGGGATTGCTCTCGGTCAAGCTTTTAAAGAGGCCCTAGGGGCCGTGCGTGGAGTAAAAAGGTTTGGATCAGGATTTGCGCCTTTGGATGAGGCACTTTCCAGAGCGGTGGTAGATCTTTCGAACAGGCCGTACGCAGTTGTCGAACTTGGTTTGCAAAGGGAGAAAGTAGGAGATCTCTCTTGCGAGATGATCCCGCATTTTCTTGAAAGCTTTGCAGAGGCTAGCAGAATTACCCTCCACGTTGATTGTCTGCGAGGCAAGAATGATCATCACCGTAGTGAGAGTGCGTTCAAGGCTCTTGCGGTTGCCATAAGAGAAGCCACCTCGCCCAATGGTACCAACGATGTTCCCTCCACCAAAGGTGTTCTTATGTAGGCGAATTTCTTATGATTTATGATTTTTATTATTAAATAAGTTATAAAAAAAATAAGTGTATACAAATTTTAAAGTGACTCTTAGGTTTTAAAACGAAAATTCTTATTCTTGAGTAACTCTTTCCTGTAGGTCAGGTTGCTTTCTCAGGTATAGCATGAGGTCGCTCTTATTGACCACACCTCAGTTTATCATTATCAATACTCGCCATTTCAAAGAATACGTAAATAATTAATAGTAGTGATTTTCCTAACTTTATTTAGTCAAAAAATTAGCCTTTTAATTCTGCTGTAACCCGTACATGCCCAAAATAGGGGGCGGGTTACACAGAATATATAACATCGTAGGTGTCTGGGTGAACAGTTTATTCCTGGCATCCACTAAATATAATGGAGCCCGCTTTTTAAGCTGGCATCCAGAAAAAAAAAGAATCCCAGCACCAAAATATTGTTTTCTTCACCAACCATCAGTTCATAGGTCCATTCTCTTAGCGCAACTACAGAGAACAGGGGCACAAACAGGCAAAAAACGGGCACAACCTCAATGGAGTGATGCAACCTGCCTGGAGTAAATGATGACACAAGGCAATTGACCCACGCATGTATCTATCTCATTTTCTTACACCTTCTATTACCTTCTGCTCTCTCTGATTTGGAAAAAGCTGAAAAAAAAGGTTGAAACCAGTTCCCTGAAATTATTCCCCTACTTGACTAATAAGTATATAAAGACGGTAGGTATTGATTGTAATTCTGTAAATCTATTTCTTAAACTTCTTAAATTCTACTTTTATAGTTAGTCTTTTTTTTAGTTTTAAAACACCAGAACTTAGTTTCGACGGATTCTAGAACTAGTGGATCCCCCATCACAAAATGGGACTCCGATTCCCACCTAAGGTGTTGGAACATATCCTCTCCTTCATTGATTCCAACGAGGACCGGAACTCTGTTTCTCTGGTCTGCAAGTCATGGTTTGAGACAGAACGGAAGACTAGGAAGCGAGTCTTTGTCGGAAACTGTTACGCGGTCAGTCCTGCTGCGGTTACACGACGGTTCCCGGAGATGAGATCTTTGACTTTGAAGGGGAAGCCACACTTCGCTGACTATAATCTCGTTCCTGATGGTTGGGGTGGTTATGCTTGGCCGTGGATTGAAGCTATGGCGGCGAAAAGTTCGTCTCTTGAAGAGATCAGAATGAAGAGGATGGTGGTGACTGATGAGTGCTTAGAGAAAATTGCTGCTTCGTTTAAGGATTTTAAAGTCCTTGTGTTGACTTCTTGTGAAGGTTTCTCTACTGATGGTATCGCTGCTATTGCAGCTACTTGCAGGAACTTGAGAGTGTTGGAACTACGAGAGTGTATTGTTGAAGATTTAGGAGGAGATTGGCTTAGCTATTTTCCAGAGAGTTCAACTTCTTTAGTCTCTCTTGACTTCTCTTGTTTAGATTCTGAGGTTAAAATCTCGGATTTAGAGCGTCTTGTGAGCAGATCTCCAAACTTGAAGTCTTTGAAGTTGAATCCAGCTGTGACTCTAGATGGACTCGTTAGCTTACTTCGTTGTGCTCCACAACTGACTGAGCTCGGCACAGGTTCTTTCGCAGCTCAATTGAAACCTGAAGCGTTTTCAAAGTTATCAGAAGCTTTTTCAAACTGTAAGCAACTTCAGAGCTTATCTGGACTCTGGGATGTCCTCCCTGAATATCTTCCAGCTCTTTATTCTGTCTGTCCTGGTCTTACCTCGTTGAACTTGAGCTACGCTACTGTCCGAATGCCTGATCTTGTTGAGCTTCTTAGGCGATGCTCGAAACTGCAGAAGCTATGGGTGATGGACTTGATTGAGGACAAAGGTCTTGAAGCTGTTGCCTCATATTGCAAGGAACTGCGAGAACTGAGGGTGTTTCCATCTGAGCCAGATCTTGATGCAACCAACATACCTCTGACGGAACAAGGCCTGGTCTTTGTGTCTAAAGGCTGTCGAAAGCTTGAGTCTGTTCTCTACTTCTGTGTCCAGTTCACAAACGCAGCTTTGTTTACCATAGCAAGAAAACGTCCGAATCTCAAGTGCTTCCGTCTCTGTGTGATAGAGCCATTTGCTCCTGATTACAAAACAAATGAGCCACTTGATAAAGGATTCAAAGCCATAGCTGAGGGATGCAGGGATCTTCGACGGCTCTCCGTCTCTGGTCTTCTCTCTGACAAGGCCTTCAAATACATTGGGAAACATGCCAAGAAGGTTAGGATGCTATCAATAGCATTTGCTGGGGACAGTGATTTGATGCTTCATCACTTGTTGTCGGGCTGTGAGAGTTTAAAGAAGCTTGAGATACGAGACTGCCCTTTTGGAGACACTGCACTACTGGAGCACGCTGCCAAGCTAGAGACGATGCGATCCCTTTGGATGTCATCTTGCTTTGTAAGTTTTGGTGCTTGCAAGCTTCTAAGTCAGAAAATGCCAAGGCTCAATGTCGAAGTCATTGATGAACATCCTCCAGAGTCAAGACCTGAGAGCTCTCCAGTTGAGAGGATATACATATACAGAACAGTCGCAGGACCGAGAATGGATACGCCTGAATTTGTGTGGACGATACACAAGAATCCTGAGAATGGAGTTTCACATCTAGCCATAAAGGGATCTGGTGGAGATTACAAGGATCATGATGGTGATTACAAGGATCACGACATCGACTACAAGGATGACGATGACAAGTGATTCTATGT,,,,,,,,,,,,,,,,,,,,,,,,,,,,,,,,,,
1,PCR,1,(AFB1_noflagtag2)_(c--),0,0,0,51.742,16,ACTGATCCTCAGCATC,GATGCTGAGGATCAGT,3419,CGATGACAAGTGATTCTATGTCAGGCTCCCTTATACACAGCCAGTCTGCAGGTCGACCATAGTGACTGGATATGTTGTGTTTTACAGTATTATGTAGTCTGTTTTTTATGCAAAATCTAATTTAATATATTGATATTTATATCATTTTACGTTTCTCGTTCAGCTTTCTTGTACAAAGTGGTGATGGGCTGCAGGAATTCGATATCAAGCTTATCGATACCGTCGACCTCGAGTCATGTAATTAGTTATGTCACGCTTACATTCACGCCCTCCCCCCACATCCGCTCTAACCGAAAAGGAAGGAGTTAGACAACCTGAAGTCTAGGTCCCTATTTATTTTTTTATAGTTATGTTAGTATTAAGAACGTTATTTATATTTCAAATTTTTCTTTTTTTTCTGTACAGACGCGTGTACGCATGTAACATTATACTGAAAACCTTGCTTGAGAAGGTTTTGGGACGCTCGAAGGCTTTAATTTGTGACACCGATTATTTAAAGCTGCAGCATACGATATATATACATGTGTATATATGTATACCTATGAATGTCAGTAAGTATGTATACGAACAGTATGATACTGAAGATGACAAGGTAATGCATCATTCTATACGTGTCATTCTGAACGAGGCGCGCTTTCCTTTTTTCTTTTTGCTTTTTCTTTTTTTTTCTCTTGAACTCGAGAAAAAAAATATAAAAGAGATGGAGGAACGGGAAAAAGTTAGTTGTGGTGATAGGTGGCAAGTGGTATTCCGTAAGAACAACAAGAAAAGCATTTCATATTATGGCTGAACTGAGCGAACAAGTGCAAAATTTAAGCATCAACGACAACAACGAGAATGGTTATGTTCCTCCTCACTTAAGAGGAAAACCAAGAAGTGCCAGAAATAACAGTAGCAACTACAATAACAACAACGGCGGCTACAACGGTGGCCGTGGCGGTGGCAGCTTCTTTAGCAACAACCGTCGTGGTGGTTACGGCAACGGTGGTTTCTTCGGTGGAAACAACGGTGGCAGCAGATCTAACGGCCGTTCTGGTGGTAGATGGATCGATGGCAAACATGTCCCAGCTCCAAGAAACGAAAAGGCCGAGATCGCCATATTTGGTGTCCCCGAGGATCCAAATTTCCAATCTTCTGGTATTAACTTCGATAACTACGATGATATTCCAGTGGACGCCTCTGGTAAGGATGTTCCTGAACCAATCACAGAATTTACCTCACCTCCATTGGACGGATTGTTATTGGAAAACATCAAATTGGCCCGTTTCACCAAGCCAACACCTGTGCAAAAATACTCCGTCCCTATCGTTGCCAACGGCAGAGATTTGATGGCCTGTGCGCAGACCGGTTCTGGTAAGACTGGTGGGTTTTTATTCCCAGTGTTGTCCGAATCATTTAAGACTGGACCATCTCCTCAACCAGAGTCTCAAGGCTCCTTTTACCAAAGAAAGGCCTACCCAACTGCTGTCATTATGGCTCCAGTTTAAACCATGGTCATAGCTGTTTCCTGTGTGAAATTGTTATCCGCTCACAATTCCACACAACATAGGAGCCGGAAGCATAAAGTGTAAAGCCTGGGGTGCCTAATGAGTGAGGTAACTCACATTAATTGCGTTGCGCTCACTGCCCGCTTTCCAGTCGGGAAACCTGTCGTGCCAGCTGCATTAATGAATCGGCCAACGCGCGGGGAGAGGCGGTTTGCGTATTGGGCGCTCTTCCGCTTCCTCGCTCACTGACTCGCTGCGCTCGGTCGTTCGGCTGCGGCGAGCGGTATCAGCTCACTCAAAGGCGGTAATACGGTTATCCACAGAATCAGGGGATAACGCAGGAAAGAACATGTGAGCAAAAGGCCAGCAAAAGGCCAGGAACCGTAAAAAGGCCGCGTTGCTGGCGTTTTTCCATAGGCTCGGCCCCCCTGACGAGCATCACAAAAATCGACGCTCAAGTCAGAGGTGGCGAAACCCGACAGGACTATAAAGATACCAGGCGTTCCCCCCTGGAAGCTCCCTCGTGCGCTCTCCTGTTCCGACCCTGCCGCTTACCGGATACCTGTCCGCCTTTCTCCCTTCGGGAAGCGTGGCGCTTTCTCAATGCTCACGCTGTAGGTATCTCAGTTCGGTGTAGGTCGTTCGCTCCAAGCTGGGCTGTGTGCACGAACCCCCCGTTCAGCCCGACCGCTGCGCCTTATCCGGTAACTATCGTCTTGAGTCCAACCCGGTAAGACACGACTTATCGCCACTGGCAGCAGCCACTGGTAACAGGATTAGCAGAGCGAGGTATGTAGGCGGTGCTACAGAGTTCTTGAAGTGGTGGCCTAACTACGGCTACACTAGAAGGACAGTATTTGGTATCTGCGCTCTGCTGAAGCCAGTTACCTTCGGAAAAAGAGTTGGTAGCTCTTGATCCGGCAAACAAACCACCGCTGGTAGCGGTGGTTTTTTTGTTTGCAAGCAGCAGATTACGCGCAGAAAAAAAGGATCTCAAGAAGATCCTTTGATCTTTTCTACGGGGTCTGACGCTCAGTGGAACGAAAACTCACGTTAAGGGATTTTGGTCATGAGATTATCAAAAAGGATCTTCACCTAGATCCTTTTAAATTAAAAATGAAGTTTTAAATCAATCTAAAGTATATATGAGTAAACTTGGTCTGACAGTTACCAATGCTTAATCAGTGAGGCACCTATCTCAGCGATCTGTCTATTTCGTTCATCCATAGTTGCCTGACTGCCCGTCGTGTAGATAACTACGATACGGGAGGGCTTACCATCTGGCCCCAGTGCTGCAATGATACCGCGAGATCCACGCTCACCGGCTCCAGATTTATCAGCAATAAACCAGCCAGCCGGAAGGGCCGAGCGCAGAAGTGGTCCTGCAACTTTATCCGCCTCCATCCAGTCTATTAATTGTTGCCGGGAAGCTAGAGTAAGTAGTTCGCCAGTTAATAGTTTGCGCAACGTTGTTGCCATTGCTACAGGCATCGTGGTGTCACGCTCGTCGTTTGGTATGGCTTCATTCAGCTCCGGTTCCCAACGATCAAGGCGAGTTACATGATCCCCCATGTTGTGAAAAAAAGCGGTTAGCTCCTTCGGTCCTCCGATCGTTGTCAGAAGTAAGTTGGCCGCAGTGTTATCACTCATGGTTATGGCAGCACTGCATAATTCTCTTACTGTCATGCCATCCGTAAGATGCTTTTCTGTGACTGGTGAGTACTCAACCAAGTCATTCTGAGAATAGTGTATGCGGCGACCGAGTTGCTCTTGCCCGGCGTCAATACGGGATAATACCGCGCCACATAGCAGAACTTTAAAAGTGCTCATCATTGGAAAACGTTCTTCGGGGCGAAAACTCTCAAGGATCTTACCGCTGTTGAGATCCAGTTCGATGTAACCCACTCGTGCACCCAACTGATCCTCAGCATC,,,,,,,,,,,,,,,,,,,,,,,,,,,,,,,,,,
,,,,,,,,,,,,,,,,,,,,,,,,,,,,,,,,,,,,,,,,,,,,,,
Combinations of Assembly Pieces,,,,,,,,,,,,,,,,,,,,,,,,,,,,,,,,,,,,,,,,,,,,,,
Variant,,,Bin 0,,Bin 1,,,,,,,,,,,,,,,,,,,,,,,,,,,,,,,,,,,,,,,,,
Number,Name,Assembly Method,Part(s),Assembly Piece ID Number,Part(s),Assembly Piece ID Number,,,,,,,,,,,,,,,,,,,,,,,,,,,,,,,,,,,,,,,,
0,pmas00009,SLIC/Gibson/CPEC,(AFB1_noflagtag),0,(AFB1_noflagtag2)_(c--),1,,,,,,,,,,,,,,,,,,,,,,,,,,,,,,,,,,,,,,,,
