Combinatorial Golden-gate j5 v3.3.4 assembly 3/14/2019,,,,,,,,,,,,,,,,,,,,,,,,,,,,,,,,,,,,,,,,,,,,,
"Please cite: Hillson, N.J., Rosengarten, R.D., and Keasling J.D. (2012) j5 DNA Assembly Design Automation Software. ACS Synthetic Biology 1 (1), 14-21. DOI: 10.1021/sb2000116",,,,,,,,,,,,,,,,,,,,,,,,,,,,,,,,,,,,,,,,,,,,,
Warning: the master plasmids list file is empty. Using j5_ as the initials and 5 digits to number (e.g. pj5_00001)...,,,,,,,,,,,,,,,,,,,,,,,,,,,,,,,,,,,,,,,,,,,,,
Warning: the Master oligos list file is empty. Using j5_ as the initials and 5 digits to number (e.g. j5_00001)...,,,,,,,,,,,,,,,,,,,,,,,,,,,,,,,,,,,,,,,,,,,,,
,,,,,,,,,,,,,,,,,,,,,,,,,,,,,,,,,,,,,,,,,,,,,
Assembly Parameters:,,,,,,,,,,,,,,,,,,,,,,,,,,,,,,,,,,,,,,,,,,,,,
MASTEROLIGONUMBEROFDIGITS,MASTERPLASMIDNUMBEROFDIGITS,GIBSONOVERLAPBPS,GIBSONOVERLAPMINTM,GIBSONOVERLAPMAXTM,MAXIMUMOLIGOLENGTHBPS,MINIMUMFRAGMENTSIZEGIBSONBPS,GOLDENGATEOVERHANGBPS,GOLDENGATERECOGNITIONSEQ,GOLDENGATETERMINIEXTRASEQ,GOLDENGATETERMINIEXTRASEQDNASYNTHESISALT,MAXIMUM_IDENTITIES_GOLDEN_GATE_OVERHANGS_COMPATIBLE,OLIGOSYNTHESISCOSTPERBPUSD,OLIGOPAGEPURIFICATIONCOSTPERPIECEUSD,OLIGOMAXLENGTHNOPAGEPURIFICATIONREQUIREDBPS,MINIMUMPCRPRODUCTBPS,DIRECTSYNTHESISCOSTPERBPUSD,DIRECTSYNTHESISMINIUMUMCOSTPERPIECEUSD,PRIMER_GC_CLAMP,PRIMER_MIN_SIZE,PRIMER_MAX_SIZE,DEFAULT_PURE_PRIMER_LENGTH_BPS,PRIMER_MIN_TM,PRIMER_MAX_TM,PRIMER_MAX_DIFF_TM,PRIMER_MAX_SELF_ANY_TH,PRIMER_MAX_SELF_END_TH,PRIMER_PAIR_MAX_COMPL_ANY_TH,PRIMER_PAIR_MAX_COMPL_END_TH,PRIMER_TM_SANTALUCIA,PRIMER_SALT_CORRECTIONS,PRIMER_DNA_CONC,MISPRIMING_3PRIME_BOUNDARY_BP_TO_WARN_IF_HIT,MISPRIMING_MIN_TM,MISPRIMING_SALT_CONC,MISPRIMING_OLIGO_CONC,OUTPUT_SEQUENCE_FORMAT,SUPPRESS_PRIMER_ANNOTATIONS,SUPPRESS_PURE_PRIMERS,ASSEMBLY_PRODUCT_TYPE,HOMOLOGY_MIN_LENGTH_BPS,HOMOLOGY_MAX_FRACTION_MISMATCHES,APPEND_UUID_TO_PLASMID_OLIGO_AND_SYNTHESIS_NAME,COMBINATORIAL_DESIGN_LAYOUT_TYPE,MINIMUMDNASYNTHESISLENGTHBPS,Primer3 version
5,5,26,60,70,110,250,4,GGTCTC,CACACCAGGTCTCA,CACACCAGGTCTCA,2,0.1,40,60,100,0.39,159,2,18,36,26,60,70,5,47,47,47,47,1,1,250,4,45,0.05,2.50E-07,Genbank,FALSE,TRUE,circular,26,0.05,FALSE,combinatorial,300,2.3.7
,,,,,,,,,,,,,,,,,,,,,,,,,,,,,,,,,,,,,,,,,,,,,
Note: sequence pNL1422_pGP6G2_c is implied to be circular...,,,,,,,,,,,,,,,,,,,,,,,,,,,,,,,,,,,,,,,,,,,,,
,,,,,,,,,,,,,,,,,,,,,,,,,,,,,,,,,,,,,,,,,,,,,
Non-degenerate Part IDs and Sources,,,,,,,,,,,,,,,,,,,,,,,,,,,,,,,,,,,,,,,,,,,,,
Part,,Location,,,,,,,,,,,,,,,,,,,,,,,,,,,,,,,,,,,,,,,,,,,
ID Number,Name,Source Plasmid,Reverse Complement,Start (bp),End (bp),Size (bp),Sequence,,,,,,,,,,,,,,,,,,,,,,,,,,,,,,,,,,,,,,
0,mCherry,pWL204_pj5_0180_,FALSE,4,705,702,GTGAGCAAGGGCGAGGAGGATAACATGGCCATCATCAAGGAGTTCATGCGCTTCAAGGTGCACATGGAGGGCTCCGTGAACGGCCACGAGTTCGAGATCGAGGGCGAGGGCGAGGGCCGCCCCTACGAGGGCACCCAGACCGCCAAGCTGAAGGTGACCAAGGGTGGCCCCCTGCCCTTCGCCTGGGACATCCTGTCCCCTCAGTTCATGTACGGCTCCAAGGCCTACGTGAAGCACCCCGCCGACATCCCCGACTACTTGAAGCTGTCCTTCCCCGAGGGCTTCAAGTGGGAGCGCGTGATGAACTTCGAGGACGGCGGCGTGGTGACCGTGACCCAGGACTCCTCCCTGCAGGACGGCGAGTTCATCTACAAGGTGAAGCTGCGCGGCACCAACTTCCCCTCCGACGGCCCCGTAATGCAGAAGAAGACCATGGGCTGGGAGGCCTCCTCCGAGCGGATGTACCCCGAGGACGGCGCCCTGAAGGGCGAGATCAAGCAGAGGCTGAAGCTGAAGGACGGCGGCCACTACGACGCTGAGGTCAAGACCACCTACAAGGCCAAGAAGCCCGTGCAGCTGCCCGGCGCCTACAACGTCAACATCAAGTTGGACATCACCTCCCACAACGAGGACTACACCATCGTGGAACAGTACGAACGCGCCGAGGGCCGCCACTCCACCGGCGGCATGGACGAGCTGTAC,,,,,,,,,,,,,,,,,,,,,,,,,,,,,,,,,,,,,,
1,Hx6Fx3,Hx6Fx3_combined,FALSE,1,63,63,CACCATCATCACCACCATGACTACAAGGATGACGATGACAAGGGATCTGGTGGAGATTACAAG,,,,,,,,,,,,,,,,,,,,,,,,,,,,,,,,,,,,,,
2,pGP6G2-ccdB_backbone,pNL1422_pGP6G2_c,FALSE,3451,2036,5144,TTCTGTCATGTAATTAGTTATGTCACGCTTACATTCACGCCCTCCCCCCACATCCGCTCTAACCGAAAAGGAAGGAGTTAGACAACCTGAAGTCTAGGTCCCTATTTATTTTTTTATAGTTATGTTAGTATTAAGAACGTTATTTATATTTCAAATTTTTCTTTTTTTTCTGTACAGACGCGTGTACGCATGTAACATTATACTGAAAACCTTGCTTGAGAAGGTTTTGGGACGCTCGAAGGCTTTAATTTGATGTCGTAATAACCCCGCCCCGAAAACTGTATTATAAGTAAATGCATGTATACTAAACTCACAAATTAGAGCTTCAATTTAATTATATCAGTTATTACCCGGGAATCTCGGTCGTAATGATTTCTATAATGACGAAAAAAAAAAAATTGGAAAGAAAAAGCTTCATGGCCTTTATAAAAAGGAACTATCCAATACCTCGCCAGAACCAAGTAACAGTATTTTACGGGGCACAAATCAAGAACAATAAGACAGGACTGTAAAGATGGACGCATTGAACTCCAAAGAACAACAAGAGTTCCAAAAAGTAGTGGAACAAAAGCAAATGAAGGATTTCATGCGTTTGTACTCTAATCTGGTAGAAAGATGTTTCACAGACTGTGTCAATGACTTCACAACATCAAAGCTAACCAATAAGGAACAAACATGCATCATGAAGTGCTCAGAAAAGTTCTTGAAGCATAGCGAACGTGTAGGGCAGCGTTTCCAAGAACAAAACGCTGCCTTGGGACAAGGCTTGGGCCGGTTTAAACCATGGTCATAGCTGTTTCCTGTGTGAAATTGTTATCCGCTCACAATTCCACACAACATACGAGCCGGAAGCATAAAGTGTAAAGCCTGGGGTGCCTAATGAGTGAGGTAACTCACATTAATTGCGTTGCGCTCACTGCCCGCTTTCCAGTCGGGAAACCTGTCGTGCCAGCTGCATTAATGAATCGGCCAACGCGCGGGGAGAGGCGGTTTGCGTATTGGGCGCTCTTCCGCTTCCTCGCTCACTGACTCGCTGCGCTCGGTCGTTCGGCTGCGGCGAGCGGTATCAGCTCACTCAAAGGCGGTAATACGGTTATCCACAGAATCAGGGGATAACGCAGGAAAGAACATGTGAGCAAAAGGCCAGCAAAAGGCCAGGAACCGTAAAAAGGCCGCGTTGCTGGCGTTTTTCCATAGGCTCCGCCCCCCTGACGAGCATCACAAAAATCGACGCTCAAGTCAGAGGTGGCGAAACCCGACAGGACTATAAAGATACCAGGCGTTCCCCCCTGGAAGCTCCCTCGTGCGCTCTCCTGTTCCGACCCTGCCGCTTACCGGATACCTGTCCGCCTTTCTCCCTTCGGGAAGCGTGGCGCTTTCTCAATGCTCACGCTGTAGGTATCTCAGTTCGGTGTAGGTCGTTCGCTCCAAGCTGGGCTGTGTGCACGAACCCCCCGTTCAGCCCGACCGCTGCGCCTTATCCGGTAACTATCGTCTTGAGTCCAACCCGGTAAGACACGACTTATCGCCACTGGCAGCAGCCACTGGTAACAGGATTAGCAGAGCGAGGTATGTAGGCGGTGCTACAGAGTTCTTGAAGTGGTGGCCTAACTACGGCTACACTAGAAGGACAGTATTTGGTATCTGCGCTCTGCTGAAGCCAGTTACCTTCGGAAAAAGAGTTGGTAGCTCTTGATCCGGCAAACAAACCACCGCTGGTAGCGGTGGTTTTTTTGTTTGCAAGCAGCAGATTACGCGCAGAAAAAAAGGATCTCAAGAAGATCCTTTGATCTTTTCTACGGGGTCTGACGCTCAGTGGAACGAAAACTCACGTTAAGGGATTTTGGTCATGAGATTATCAAAAAGGATCTTCACCTAGATCCTTTTAAATTAAAAATGAAGTTTTAAATCAATCTAAAGTATATATGAGTAAACTTGGTCTGACAGTTACCAATGCTTAATCAGTGAGGCACCTATCTCAGCGATCTGTCTATTTCGTTCATCCATAGTTGCCTGACTGCCCGTCGTGTAGATAACTACGATACGGGAGGGCTTACCATCTGGCCCCAGTGCTGCAATGATACCGCGAGATCCACGCTCACCGGCTCCAGATTTATCAGCAATAAACCAGCCAGCCGGAAGGGCCGAGCGCAGAAGTGGTCCTGCAACTTTATCCGCCTCCATCCAGTCTATTAATTGTTGCCGGGAAGCTAGAGTAAGTAGTTCGCCAGTTAATAGTTTGCGCAACGTTGTTGCCATTGCTACAGGCATCGTGGTGTCACGCTCGTCGTTTGGTATGGCTTCATTCAGCTCCGGTTCCCAACGATCAAGGCGAGTTACATGATCCCCCATGTTGTGAAAAAAAGCGGTTAGCTCCTTCGGTCCTCCGATCGTTGTCAGAAGTAAGTTGGCCGCAGTGTTATCACTCATGGTTATGGCAGCACTGCATAATTCTCTTACTGTCATGCCATCCGTAAGATGCTTTTCTGTGACTGGTGAGTACTCAACCAAGTCATTCTGAGAATAGTGTATGCGGCGACCGAGTTGCTCTTGCCCGGCGTCAATACGGGATAATACCGCGCCACATAGCAGAACTTTAAAAGTGCTCATCATTGGAAAACGTTCTTCGGGGCGAAAACTCTCAAGGATCTTACCGCTGTTGAGATCCAGTTCGATGTAACCCACTCGTGCACCCAACTGATCTTCAGCATCTTTTACTTTCACCAGCGTTTCTGGGTGAGCAAAAACAGGAAGGCAAAATGCCGCAAAAAAGGGAATAAGGGCGACACGGAAATGTTGAATACTCATACTCTTCCTTTTTCAATATTATTGAAGCATTTATCAGGGTTATTGTCTCATGAGCGGATACATATTTGAATGTATTTAGAAAAATAAACAAATAGGGGTTCCGCGCACATTTCCCCGAAAAGTGCCACCTGACGTCTAAGAAACCATTATTATCATGACATTAACCTATAAAAATAGGCGTATCACGAGGCCCTTTCGTCTCGCGCGTTTCGGTGATGACGGTGAAAACCTCTGACACATGCAGCTCCCGGAGACGGTCACAGCTTGTCTGTAAGCGGATGCCGGGAGCAGACAAGCCCGTCAGGGCGCGTCAGCGGGTGTTGGCGGGTGTCGGGGCTGGCTTAACTATGCGGCATCAGAGCAGATTGTACTGAGAGTGCACCATAGTTTAAACTGTGGCTGTGGTTTCAGGGTCCATAAAGCTTTTCAATTCATCTTTTTTTTTTTTGTTCTTTTTTTTGATTCCGGTTTCTTTGAAATTTTTTTGATTCGGTAATCTCCGAGCAGAAGGAAGAACGAAGGAAGGAGCACAGACTTAGATTGGTATATATACGCATATGTGGTGTTGAAGAAACATGAAATTGCCCAGTATTCTTAACCCAACTGCACAGAACAAAAACCTGCAGGAAACGAAGATAAATCATGTCGAAAGCTACATATAAGGAACGTGCTGCTACTCATCCTAGTCCTGTTGCTGCCAAGCTATTTAATATCATGCACGAAAAGCAAACAAACTTGTGTGCTTCATTGGATGTTCGTACCACCAAGGAATTACTGGAGTTAGTTGAAGCATTAGGTCCCAAAATTTGTTTACTAAAAACACATGTGGATATCTTGACTGATTTTTCCATGGAGGGCACAGTTAAGCCGCTAAAGGCATTATCCGCCAAGTACAATTTTTTACTCTTCGAAGACAGAAAATTTGCTGACATTGGTAATACAGTCAAATTGCAGTACTCTGCGGGTGTATACAGAATAGCAGAATGGGCAGACATTACGAATGCACACGGTGTGGTGGGCCCAGGTATTGTTAGCGGTTTGAAGCAGGCGGCGGAAGAAGTAACAAAGGAACCTAGAGGCCTTTTGATGTTAGCAGAATTGTCATGCAAGGGCTCCCTAGCTACTGGAGAATATACTAAGGGTACTGTTGACATTGCGAAGAGCGACAAAGATTTTGTTATCGGCTTTATTGCTCAAAGAGACATGGGTGGAAGAGATGAAGGTTACGATTGGTTGATTATGACACCCGGTGTGGGTTTAGATGACAAGGGAGACGCATTGGGTCAACAGTATAGAACCGTGGATGATGTCGTCTCTACAGGATCTGACATTATTATTGTTGGAAGAGGACTATTTGCAAAGGGAAGGGATGCTAAGGTAGAGGGTGAACGTTACAGAAAAGCAGGCTGGGAAGCATATTTGAGAAGATGCGGCCAGCAAAACTAAGCGAATTTCTTATGATTTATGATTTTTATTATTAAATAAGTTATAAAAAAAATAAGTGTATACAAATTTTAAAGTGACTCTTAGGTTTTAAAACGAAAATTCTTATTCTTGAGTAACTCTTTCCTGTAGGTCAGGTTGCTTTCTCAGGTATAGCATGAGGTCGCTCTTATTGACCACACCTCCGCCAGGGTTTTCCCAGTCACGACAGTTTATCATTATCAATACTCGCCATTTCAAAGAATACGTAAATAATTAATAGTAGTGATTTTCCTAACTTTATTTAGTCAAAAAATTAGCCTTTTAATTCTGCTGTAACCCGTACATGCCCAAAATAGGGGGCGGGTTACACAGAATATATAACATCGTAGGTGTCTGGGTGAACAGTTTATTCCTGGCATCCACTAAATATAATGGAGCCCGCTTTTTAAGCTGGCATCCAGAAAAAAAAAGAATCCCAGCACCAAAATATTGTTTTCTTCACCAACCATCAGTTCATAGGTCCATTCTCTTAGCGCAACTACAGAGAACAGGGGCACAAACAGGCAAAAAACGGGCACAACCTCAATGGAGTGATGCAACCTGCCTGGAGTAAATGATGACACAAGGCAATTGACCCACGCATGTATCTATCTCATTTTCTTACACCTTCTATTACCTTCTGCTCTCTCTGATTTGGAAAAAGCTGAAAAAAAAGGTTGAAACCAGTTCCCTGAAATTATTCCCCTACTTGACTAATAAGTATATAAAGACGGTAGGTATTGATTGTAATTCTGTAAATCTATTTCTTAAACTTCTTAAATTCTACTTTTATAGTTAGTCTTTTTTTTAGTTTTAAAACACCAGAACTTAGTTTCGACGGATTCTAGAACTAGTGGATCCATCACAAAATG,,,,,,,,,,,,,,,,,,,,,,,,,,,,,,,,,,,,,,
3,HaRXL10,pDONR207,FALSE,416,1078,663,GCCTCGGGACTCGCGAAACTAGGGGCTGCGACACAAGGTGCTCATGAACTCGAGGACGAGACATCAGGAAGACTTCTGAGGGTGCACACTTCTGCAAAGGAAGATCAAGAAGGTCGAATGATTCCTGGATCCGAGTTTTTTGAAAAGGCCCAGCCCGTCCTTCACAACTTGTCTATCAACATGCCGAACCTGGACGAAATCAAAGCGAATGCTGCCAGTTATTTTTACTTGTGTATGCGTGACGTGCTTCTGACAGAACAACAGCGTATCAAGGCATTTAACGATATGCGACGGAGAGCTGTGGTCGAGAGACTTCAAAGTATCCAGCCTATCGATTGGAACGTGGGGGCAGTCGATTGGCAGGCCATGCTCGCGTTGCAAAATCTTCTAGAGAACCGTGACATGTACTATCTGGCGATCTCACTGGCACTGGCAAAGCAGCCGTCAGTTCTCATACCGGAGCCGATTGCTAGAACGGCTAAGGAGATGGAATTGTCGCAATTCGGCTTGTGGGCATCGATGGAAAAGGTTCCCGAAGTAGTAAGAGAGCAACTTAAGAAGTTGCCCGACTTTGTTCAAGCCGCCGGTGATCATGCCCTCGTAAATGAGGTGGTACACAGCTACAAGCAGTTTTCCTCCGCTCTAATGCGTAAAAAAGCGTAA,,,,,,,,,,,,,,,,,,,,,,,,,,,,,,,,,,,,,,
,,,,,,,,,,,,,,,,,,,,,,,,,,,,,,,,,,,,,,,,,,,,,
,,,,,,,,,,,,,,,,,,,,,,,,,,,,,,,,,,,,,,,,,,,,,
Target Bin Selected Relative Overhang Positions:,,,,,,,,,,,,,,,,,,,,,,,,,,,,,,,,,,,,,,,,,,,,,
ID Number,Name,Relative Overhang Position (bp),,,,,,,,,,,,,,,,,,,,,,,,,,,,,,,,,,,,,,,,,,,
0,No_name_0,-2,,,,,,,,,,,,,,,,,,,,,,,,,,,,,,,,,,,,,,,,,,,
1,No_name_1,2,,,,,,,,,,,,,,,,,,,,,,,,,,,,,,,,,,,,,,,,,,,
2,No_name_2,-2,,,,,,,,,,,,,,,,,,,,,,,,,,,,,,,,,,,,,,,,,,,
,,,,,,,,,,,,,,,,,,,,,,,,,,,,,,,,,,,,,,,,,,,,,
Oligo Synthesis,,,,,,,,,,,,,,,,,,,,,,,,,,,,,,,,,,,,,,,,,,,,,
ID Number,Name,Length,Tm,Tm (3' only),Cost,Sequence,Sequence (3' only),,,,,,,,,,,,,,,,,,,,,,,,,,,,,,,,,,,,,,
0,j5_00001_(pGP6G2-ccdB_backbone)_forward,46,65.551,61.861,4.6,CACACCAGGTCTCAGTAATTCTGTCATGTAATTAGTTATGTCACGC,TTCTGTCATGTAATTAGTTATGTCACGC,,,,,,,,,,,,,,,,,,,,,,,,,,,,,,,,,,,,,,
1,j5_00002_(pGP6G2-ccdB_backbone)_reverse,48,67.98,66.62,4.8,CACACCAGGTCTCACATTTTGTGATGGATCCACTAGTTCTAGAATCCG,CATTTTGTGATGGATCCACTAGTTCTAGAATCCG,,,,,,,,,,,,,,,,,,,,,,,,,,,,,,,,,,,,,,
2,j5_00003_(mCherry)_forward,37,76.947,65.076,3.7,CACACCAGGTCTCAAATGGTGAGCAAGGGCGAGGAGG,GTGAGCAAGGGCGAGGAGG,,,,,,,,,,,,,,,,,,,,,,,,,,,,,,,,,,,,,,
3,j5_00004_(mCherry)_reverse,38,78.787,66.056,3.8,CACACCAGGTCTCAAGGCGTACAGCTCGTCCATGCCGC,GTACAGCTCGTCCATGCCGC,,,,,,,,,,,,,,,,,,,,,,,,,,,,,,,,,,,,,,
4,j5_00005_(HaRXL10)_forward,37,77.493,69.024,3.7,CACACCAGGTCTCAGCCTCGGGACTCGCGAAACTAGG,GCCTCGGGACTCGCGAAACTAGG,,,,,,,,,,,,,,,,,,,,,,,,,,,,,,,,,,,,,,
5,j5_00006_(HaRXL10)_reverse,40,71.425,64.515,4,CACACCAGGTCTCATTACGCTTTTTTACGCATTAGAGCGG,TTACGCTTTTTTACGCATTAGAGCGG,,,,,,,,,,,,,,,,,,,,,,,,,,,,,,,,,,,,,,
6,j5_00007_((Hx6Fx3)_forward),67,70.254,70.254,46.7,AATGCACCATCATCACCACCATGACTACAAGGATGACGATGACAAGGGATCTGGTGGAGA,AATGCACCATCATCACCACCATGACTACAAGGATGACGATGACAAGGGATCTGGTGGAGATTACAAG,,,,,,,,,,,,,,,,,,,,,,,,,,,,,,,,,,,,,,
7,j5_00008_((Hx6Fx3)_reverse),67,71.485,71.485,46.7,AGGCCTTGTAATCTCCACCAGATCCCTTGTCATCGTCATCCTTGTAGTCATGGTGGTGAT,AGGCCTTGTAATCTCCACCAGATCCCTTGTCATCGTCATCCTTGTAGTCATGGTGGTGATGATGGTG,,,,,,,,,,,,,,,,,,,,,,,,,,,,,,,,,,,,,,
,,,,,,,,,,,,,,,,,,,,,,,,,,,,,,,,,,,,,,,,,,,,,
Annealed Oligos,Top Oligo,,Bottom Oligo,,,,,,,,,,,,,,,,,,,,,,,,,,,,,,,,,,,,,,,,,,
ID Number,ID Number,Name,ID Number,Name,Tm,Length,Sequence,,,,,,,,,,,,,,,,,,,,,,,,,,,,,,,,,,,,,,
0,6,j5_00007_((Hx6Fx3)_forward),7,j5_00008_((Hx6Fx3)_reverse),70.254,71,AATGCACCATCATCACCACCATGACTACAAGGATGACGATGACAAGGGATCTGGTGGAGATTACAAGGCCT,,,,,,,,,,,,,,,,,,,,,,,,,,,,,,,,,,,,,,
,,,,,,,,,,,,,,,,,,,,,,,,,,,,,,,,,,,,,,,,,,,,,
PCR Reactions,,,Forward Oligo,,Reverse Oligo,,,,,,,,,,,,,,,,,,,,,,,,,,,,,,,,,,,,,,,,
ID Number,Primary Template,Alternate Template,ID Number,Name,ID Number,Name,Note,Mean Oligo Tm,Delta Oligo Tm,Mean Oligo Tm (3' only),Delta Oligo Tm (3' only),Length,Sequence,,,,,,,,,,,,,,,,,,,,,,,,,,,,,,,,
0,pNL1422_pGP6G2_c,,0,j5_00001_(pGP6G2-ccdB_backbone)_forward,1,j5_00002_(pGP6G2-ccdB_backbone)_reverse,PCR,66.7655,2.429,64.2405,4.759,5176,CACACCAGGTCTCAGTAATTCTGTCATGTAATTAGTTATGTCACGCTTACATTCACGCCCTCCCCCCACATCCGCTCTAACCGAAAAGGAAGGAGTTAGACAACCTGAAGTCTAGGTCCCTATTTATTTTTTTATAGTTATGTTAGTATTAAGAACGTTATTTATATTTCAAATTTTTCTTTTTTTTCTGTACAGACGCGTGTACGCATGTAACATTATACTGAAAACCTTGCTTGAGAAGGTTTTGGGACGCTCGAAGGCTTTAATTTGATGTCGTAATAACCCCGCCCCGAAAACTGTATTATAAGTAAATGCATGTATACTAAACTCACAAATTAGAGCTTCAATTTAATTATATCAGTTATTACCCGGGAATCTCGGTCGTAATGATTTCTATAATGACGAAAAAAAAAAAATTGGAAAGAAAAAGCTTCATGGCCTTTATAAAAAGGAACTATCCAATACCTCGCCAGAACCAAGTAACAGTATTTTACGGGGCACAAATCAAGAACAATAAGACAGGACTGTAAAGATGGACGCATTGAACTCCAAAGAACAACAAGAGTTCCAAAAAGTAGTGGAACAAAAGCAAATGAAGGATTTCATGCGTTTGTACTCTAATCTGGTAGAAAGATGTTTCACAGACTGTGTCAATGACTTCACAACATCAAAGCTAACCAATAAGGAACAAACATGCATCATGAAGTGCTCAGAAAAGTTCTTGAAGCATAGCGAACGTGTAGGGCAGCGTTTCCAAGAACAAAACGCTGCCTTGGGACAAGGCTTGGGCCGGTTTAAACCATGGTCATAGCTGTTTCCTGTGTGAAATTGTTATCCGCTCACAATTCCACACAACATACGAGCCGGAAGCATAAAGTGTAAAGCCTGGGGTGCCTAATGAGTGAGGTAACTCACATTAATTGCGTTGCGCTCACTGCCCGCTTTCCAGTCGGGAAACCTGTCGTGCCAGCTGCATTAATGAATCGGCCAACGCGCGGGGAGAGGCGGTTTGCGTATTGGGCGCTCTTCCGCTTCCTCGCTCACTGACTCGCTGCGCTCGGTCGTTCGGCTGCGGCGAGCGGTATCAGCTCACTCAAAGGCGGTAATACGGTTATCCACAGAATCAGGGGATAACGCAGGAAAGAACATGTGAGCAAAAGGCCAGCAAAAGGCCAGGAACCGTAAAAAGGCCGCGTTGCTGGCGTTTTTCCATAGGCTCCGCCCCCCTGACGAGCATCACAAAAATCGACGCTCAAGTCAGAGGTGGCGAAACCCGACAGGACTATAAAGATACCAGGCGTTCCCCCCTGGAAGCTCCCTCGTGCGCTCTCCTGTTCCGACCCTGCCGCTTACCGGATACCTGTCCGCCTTTCTCCCTTCGGGAAGCGTGGCGCTTTCTCAATGCTCACGCTGTAGGTATCTCAGTTCGGTGTAGGTCGTTCGCTCCAAGCTGGGCTGTGTGCACGAACCCCCCGTTCAGCCCGACCGCTGCGCCTTATCCGGTAACTATCGTCTTGAGTCCAACCCGGTAAGACACGACTTATCGCCACTGGCAGCAGCCACTGGTAACAGGATTAGCAGAGCGAGGTATGTAGGCGGTGCTACAGAGTTCTTGAAGTGGTGGCCTAACTACGGCTACACTAGAAGGACAGTATTTGGTATCTGCGCTCTGCTGAAGCCAGTTACCTTCGGAAAAAGAGTTGGTAGCTCTTGATCCGGCAAACAAACCACCGCTGGTAGCGGTGGTTTTTTTGTTTGCAAGCAGCAGATTACGCGCAGAAAAAAAGGATCTCAAGAAGATCCTTTGATCTTTTCTACGGGGTCTGACGCTCAGTGGAACGAAAACTCACGTTAAGGGATTTTGGTCATGAGATTATCAAAAAGGATCTTCACCTAGATCCTTTTAAATTAAAAATGAAGTTTTAAATCAATCTAAAGTATATATGAGTAAACTTGGTCTGACAGTTACCAATGCTTAATCAGTGAGGCACCTATCTCAGCGATCTGTCTATTTCGTTCATCCATAGTTGCCTGACTGCCCGTCGTGTAGATAACTACGATACGGGAGGGCTTACCATCTGGCCCCAGTGCTGCAATGATACCGCGAGATCCACGCTCACCGGCTCCAGATTTATCAGCAATAAACCAGCCAGCCGGAAGGGCCGAGCGCAGAAGTGGTCCTGCAACTTTATCCGCCTCCATCCAGTCTATTAATTGTTGCCGGGAAGCTAGAGTAAGTAGTTCGCCAGTTAATAGTTTGCGCAACGTTGTTGCCATTGCTACAGGCATCGTGGTGTCACGCTCGTCGTTTGGTATGGCTTCATTCAGCTCCGGTTCCCAACGATCAAGGCGAGTTACATGATCCCCCATGTTGTGAAAAAAAGCGGTTAGCTCCTTCGGTCCTCCGATCGTTGTCAGAAGTAAGTTGGCCGCAGTGTTATCACTCATGGTTATGGCAGCACTGCATAATTCTCTTACTGTCATGCCATCCGTAAGATGCTTTTCTGTGACTGGTGAGTACTCAACCAAGTCATTCTGAGAATAGTGTATGCGGCGACCGAGTTGCTCTTGCCCGGCGTCAATACGGGATAATACCGCGCCACATAGCAGAACTTTAAAAGTGCTCATCATTGGAAAACGTTCTTCGGGGCGAAAACTCTCAAGGATCTTACCGCTGTTGAGATCCAGTTCGATGTAACCCACTCGTGCACCCAACTGATCTTCAGCATCTTTTACTTTCACCAGCGTTTCTGGGTGAGCAAAAACAGGAAGGCAAAATGCCGCAAAAAAGGGAATAAGGGCGACACGGAAATGTTGAATACTCATACTCTTCCTTTTTCAATATTATTGAAGCATTTATCAGGGTTATTGTCTCATGAGCGGATACATATTTGAATGTATTTAGAAAAATAAACAAATAGGGGTTCCGCGCACATTTCCCCGAAAAGTGCCACCTGACGTCTAAGAAACCATTATTATCATGACATTAACCTATAAAAATAGGCGTATCACGAGGCCCTTTCGTCTCGCGCGTTTCGGTGATGACGGTGAAAACCTCTGACACATGCAGCTCCCGGAGACGGTCACAGCTTGTCTGTAAGCGGATGCCGGGAGCAGACAAGCCCGTCAGGGCGCGTCAGCGGGTGTTGGCGGGTGTCGGGGCTGGCTTAACTATGCGGCATCAGAGCAGATTGTACTGAGAGTGCACCATAGTTTAAACTGTGGCTGTGGTTTCAGGGTCCATAAAGCTTTTCAATTCATCTTTTTTTTTTTTGTTCTTTTTTTTGATTCCGGTTTCTTTGAAATTTTTTTGATTCGGTAATCTCCGAGCAGAAGGAAGAACGAAGGAAGGAGCACAGACTTAGATTGGTATATATACGCATATGTGGTGTTGAAGAAACATGAAATTGCCCAGTATTCTTAACCCAACTGCACAGAACAAAAACCTGCAGGAAACGAAGATAAATCATGTCGAAAGCTACATATAAGGAACGTGCTGCTACTCATCCTAGTCCTGTTGCTGCCAAGCTATTTAATATCATGCACGAAAAGCAAACAAACTTGTGTGCTTCATTGGATGTTCGTACCACCAAGGAATTACTGGAGTTAGTTGAAGCATTAGGTCCCAAAATTTGTTTACTAAAAACACATGTGGATATCTTGACTGATTTTTCCATGGAGGGCACAGTTAAGCCGCTAAAGGCATTATCCGCCAAGTACAATTTTTTACTCTTCGAAGACAGAAAATTTGCTGACATTGGTAATACAGTCAAATTGCAGTACTCTGCGGGTGTATACAGAATAGCAGAATGGGCAGACATTACGAATGCACACGGTGTGGTGGGCCCAGGTATTGTTAGCGGTTTGAAGCAGGCGGCGGAAGAAGTAACAAAGGAACCTAGAGGCCTTTTGATGTTAGCAGAATTGTCATGCAAGGGCTCCCTAGCTACTGGAGAATATACTAAGGGTACTGTTGACATTGCGAAGAGCGACAAAGATTTTGTTATCGGCTTTATTGCTCAAAGAGACATGGGTGGAAGAGATGAAGGTTACGATTGGTTGATTATGACACCCGGTGTGGGTTTAGATGACAAGGGAGACGCATTGGGTCAACAGTATAGAACCGTGGATGATGTCGTCTCTACAGGATCTGACATTATTATTGTTGGAAGAGGACTATTTGCAAAGGGAAGGGATGCTAAGGTAGAGGGTGAACGTTACAGAAAAGCAGGCTGGGAAGCATATTTGAGAAGATGCGGCCAGCAAAACTAAGCGAATTTCTTATGATTTATGATTTTTATTATTAAATAAGTTATAAAAAAAATAAGTGTATACAAATTTTAAAGTGACTCTTAGGTTTTAAAACGAAAATTCTTATTCTTGAGTAACTCTTTCCTGTAGGTCAGGTTGCTTTCTCAGGTATAGCATGAGGTCGCTCTTATTGACCACACCTCCGCCAGGGTTTTCCCAGTCACGACAGTTTATCATTATCAATACTCGCCATTTCAAAGAATACGTAAATAATTAATAGTAGTGATTTTCCTAACTTTATTTAGTCAAAAAATTAGCCTTTTAATTCTGCTGTAACCCGTACATGCCCAAAATAGGGGGCGGGTTACACAGAATATATAACATCGTAGGTGTCTGGGTGAACAGTTTATTCCTGGCATCCACTAAATATAATGGAGCCCGCTTTTTAAGCTGGCATCCAGAAAAAAAAAGAATCCCAGCACCAAAATATTGTTTTCTTCACCAACCATCAGTTCATAGGTCCATTCTCTTAGCGCAACTACAGAGAACAGGGGCACAAACAGGCAAAAAACGGGCACAACCTCAATGGAGTGATGCAACCTGCCTGGAGTAAATGATGACACAAGGCAATTGACCCACGCATGTATCTATCTCATTTTCTTACACCTTCTATTACCTTCTGCTCTCTCTGATTTGGAAAAAGCTGAAAAAAAAGGTTGAAACCAGTTCCCTGAAATTATTCCCCTACTTGACTAATAAGTATATAAAGACGGTAGGTATTGATTGTAATTCTGTAAATCTATTTCTTAAACTTCTTAAATTCTACTTTTATAGTTAGTCTTTTTTTTAGTTTTAAAACACCAGAACTTAGTTTCGACGGATTCTAGAACTAGTGGATCCATCACAAAATGTGAGACCTGGTGTG,,,,,,,,,,,,,,,,,,,,,,,,,,,,,,,,
1,pWL204_pj5_0180_,,2,j5_00003_(mCherry)_forward,3,j5_00004_(mCherry)_reverse,PCR,77.867,1.84,65.566,0.98,738,CACACCAGGTCTCAAATGGTGAGCAAGGGCGAGGAGGATAACATGGCCATCATCAAGGAGTTCATGCGCTTCAAGGTGCACATGGAGGGCTCCGTGAACGGCCACGAGTTCGAGATCGAGGGCGAGGGCGAGGGCCGCCCCTACGAGGGCACCCAGACCGCCAAGCTGAAGGTGACCAAGGGTGGCCCCCTGCCCTTCGCCTGGGACATCCTGTCCCCTCAGTTCATGTACGGCTCCAAGGCCTACGTGAAGCACCCCGCCGACATCCCCGACTACTTGAAGCTGTCCTTCCCCGAGGGCTTCAAGTGGGAGCGCGTGATGAACTTCGAGGACGGCGGCGTGGTGACCGTGACCCAGGACTCCTCCCTGCAGGACGGCGAGTTCATCTACAAGGTGAAGCTGCGCGGCACCAACTTCCCCTCCGACGGCCCCGTAATGCAGAAGAAGACCATGGGCTGGGAGGCCTCCTCCGAGCGGATGTACCCCGAGGACGGCGCCCTGAAGGGCGAGATCAAGCAGAGGCTGAAGCTGAAGGACGGCGGCCACTACGACGCTGAGGTCAAGACCACCTACAAGGCCAAGAAGCCCGTGCAGCTGCCCGGCGCCTACAACGTCAACATCAAGTTGGACATCACCTCCCACAACGAGGACTACACCATCGTGGAACAGTACGAACGCGCCGAGGGCCGCCACTCCACCGGCGGCATGGACGAGCTGTACGCCTTGAGACCTGGTGTG,,,,,,,,,,,,,,,,,,,,,,,,,,,,,,,,
2,pDONR207,,4,j5_00005_(HaRXL10)_forward,5,j5_00006_(HaRXL10)_reverse,PCR,74.459,6.068,66.7695,4.509,691,CACACCAGGTCTCAGCCTCGGGACTCGCGAAACTAGGGGCTGCGACACAAGGTGCTCATGAACTCGAGGACGAGACATCAGGAAGACTTCTGAGGGTGCACACTTCTGCAAAGGAAGATCAAGAAGGTCGAATGATTCCTGGATCCGAGTTTTTTGAAAAGGCCCAGCCCGTCCTTCACAACTTGTCTATCAACATGCCGAACCTGGACGAAATCAAAGCGAATGCTGCCAGTTATTTTTACTTGTGTATGCGTGACGTGCTTCTGACAGAACAACAGCGTATCAAGGCATTTAACGATATGCGACGGAGAGCTGTGGTCGAGAGACTTCAAAGTATCCAGCCTATCGATTGGAACGTGGGGGCAGTCGATTGGCAGGCCATGCTCGCGTTGCAAAATCTTCTAGAGAACCGTGACATGTACTATCTGGCGATCTCACTGGCACTGGCAAAGCAGCCGTCAGTTCTCATACCGGAGCCGATTGCTAGAACGGCTAAGGAGATGGAATTGTCGCAATTCGGCTTGTGGGCATCGATGGAAAAGGTTCCCGAAGTAGTAAGAGAGCAACTTAAGAAGTTGCCCGACTTTGTTCAAGCCGCCGGTGATCATGCCCTCGTAAATGAGGTGGTACACAGCTACAAGCAGTTTTCCTCCGCTCTAATGCGTAAAAAAGCGTAATGAGACCTGGTGTG,,,,,,,,,,,,,,,,,,,,,,,,,,,,,,,,
,,,,,,,,,,,,,,,,,,,,,,,,,,,,,,,,,,,,,,,,,,,,,
Assembly Pieces (Golden-gate),,,,,,,,,,,,,,,,,,,,,,,,,,,,,,,,,,,,,,,,,,,,,
ID Number,Type,Type ID Number,Part(s),Overhang with Previous,Overhang with Next,Relative Overhang Position,Sequence Length,Sequence,,,,,,,,,,,,,,,,,,,,,,,,,,,,,,,,,,,,,
0,PCR,0,(pGP6G2-ccdB_backbone),GTAA,AATG,-2,5176,CACACCAGGTCTCAGTAATTCTGTCATGTAATTAGTTATGTCACGCTTACATTCACGCCCTCCCCCCACATCCGCTCTAACCGAAAAGGAAGGAGTTAGACAACCTGAAGTCTAGGTCCCTATTTATTTTTTTATAGTTATGTTAGTATTAAGAACGTTATTTATATTTCAAATTTTTCTTTTTTTTCTGTACAGACGCGTGTACGCATGTAACATTATACTGAAAACCTTGCTTGAGAAGGTTTTGGGACGCTCGAAGGCTTTAATTTGATGTCGTAATAACCCCGCCCCGAAAACTGTATTATAAGTAAATGCATGTATACTAAACTCACAAATTAGAGCTTCAATTTAATTATATCAGTTATTACCCGGGAATCTCGGTCGTAATGATTTCTATAATGACGAAAAAAAAAAAATTGGAAAGAAAAAGCTTCATGGCCTTTATAAAAAGGAACTATCCAATACCTCGCCAGAACCAAGTAACAGTATTTTACGGGGCACAAATCAAGAACAATAAGACAGGACTGTAAAGATGGACGCATTGAACTCCAAAGAACAACAAGAGTTCCAAAAAGTAGTGGAACAAAAGCAAATGAAGGATTTCATGCGTTTGTACTCTAATCTGGTAGAAAGATGTTTCACAGACTGTGTCAATGACTTCACAACATCAAAGCTAACCAATAAGGAACAAACATGCATCATGAAGTGCTCAGAAAAGTTCTTGAAGCATAGCGAACGTGTAGGGCAGCGTTTCCAAGAACAAAACGCTGCCTTGGGACAAGGCTTGGGCCGGTTTAAACCATGGTCATAGCTGTTTCCTGTGTGAAATTGTTATCCGCTCACAATTCCACACAACATACGAGCCGGAAGCATAAAGTGTAAAGCCTGGGGTGCCTAATGAGTGAGGTAACTCACATTAATTGCGTTGCGCTCACTGCCCGCTTTCCAGTCGGGAAACCTGTCGTGCCAGCTGCATTAATGAATCGGCCAACGCGCGGGGAGAGGCGGTTTGCGTATTGGGCGCTCTTCCGCTTCCTCGCTCACTGACTCGCTGCGCTCGGTCGTTCGGCTGCGGCGAGCGGTATCAGCTCACTCAAAGGCGGTAATACGGTTATCCACAGAATCAGGGGATAACGCAGGAAAGAACATGTGAGCAAAAGGCCAGCAAAAGGCCAGGAACCGTAAAAAGGCCGCGTTGCTGGCGTTTTTCCATAGGCTCCGCCCCCCTGACGAGCATCACAAAAATCGACGCTCAAGTCAGAGGTGGCGAAACCCGACAGGACTATAAAGATACCAGGCGTTCCCCCCTGGAAGCTCCCTCGTGCGCTCTCCTGTTCCGACCCTGCCGCTTACCGGATACCTGTCCGCCTTTCTCCCTTCGGGAAGCGTGGCGCTTTCTCAATGCTCACGCTGTAGGTATCTCAGTTCGGTGTAGGTCGTTCGCTCCAAGCTGGGCTGTGTGCACGAACCCCCCGTTCAGCCCGACCGCTGCGCCTTATCCGGTAACTATCGTCTTGAGTCCAACCCGGTAAGACACGACTTATCGCCACTGGCAGCAGCCACTGGTAACAGGATTAGCAGAGCGAGGTATGTAGGCGGTGCTACAGAGTTCTTGAAGTGGTGGCCTAACTACGGCTACACTAGAAGGACAGTATTTGGTATCTGCGCTCTGCTGAAGCCAGTTACCTTCGGAAAAAGAGTTGGTAGCTCTTGATCCGGCAAACAAACCACCGCTGGTAGCGGTGGTTTTTTTGTTTGCAAGCAGCAGATTACGCGCAGAAAAAAAGGATCTCAAGAAGATCCTTTGATCTTTTCTACGGGGTCTGACGCTCAGTGGAACGAAAACTCACGTTAAGGGATTTTGGTCATGAGATTATCAAAAAGGATCTTCACCTAGATCCTTTTAAATTAAAAATGAAGTTTTAAATCAATCTAAAGTATATATGAGTAAACTTGGTCTGACAGTTACCAATGCTTAATCAGTGAGGCACCTATCTCAGCGATCTGTCTATTTCGTTCATCCATAGTTGCCTGACTGCCCGTCGTGTAGATAACTACGATACGGGAGGGCTTACCATCTGGCCCCAGTGCTGCAATGATACCGCGAGATCCACGCTCACCGGCTCCAGATTTATCAGCAATAAACCAGCCAGCCGGAAGGGCCGAGCGCAGAAGTGGTCCTGCAACTTTATCCGCCTCCATCCAGTCTATTAATTGTTGCCGGGAAGCTAGAGTAAGTAGTTCGCCAGTTAATAGTTTGCGCAACGTTGTTGCCATTGCTACAGGCATCGTGGTGTCACGCTCGTCGTTTGGTATGGCTTCATTCAGCTCCGGTTCCCAACGATCAAGGCGAGTTACATGATCCCCCATGTTGTGAAAAAAAGCGGTTAGCTCCTTCGGTCCTCCGATCGTTGTCAGAAGTAAGTTGGCCGCAGTGTTATCACTCATGGTTATGGCAGCACTGCATAATTCTCTTACTGTCATGCCATCCGTAAGATGCTTTTCTGTGACTGGTGAGTACTCAACCAAGTCATTCTGAGAATAGTGTATGCGGCGACCGAGTTGCTCTTGCCCGGCGTCAATACGGGATAATACCGCGCCACATAGCAGAACTTTAAAAGTGCTCATCATTGGAAAACGTTCTTCGGGGCGAAAACTCTCAAGGATCTTACCGCTGTTGAGATCCAGTTCGATGTAACCCACTCGTGCACCCAACTGATCTTCAGCATCTTTTACTTTCACCAGCGTTTCTGGGTGAGCAAAAACAGGAAGGCAAAATGCCGCAAAAAAGGGAATAAGGGCGACACGGAAATGTTGAATACTCATACTCTTCCTTTTTCAATATTATTGAAGCATTTATCAGGGTTATTGTCTCATGAGCGGATACATATTTGAATGTATTTAGAAAAATAAACAAATAGGGGTTCCGCGCACATTTCCCCGAAAAGTGCCACCTGACGTCTAAGAAACCATTATTATCATGACATTAACCTATAAAAATAGGCGTATCACGAGGCCCTTTCGTCTCGCGCGTTTCGGTGATGACGGTGAAAACCTCTGACACATGCAGCTCCCGGAGACGGTCACAGCTTGTCTGTAAGCGGATGCCGGGAGCAGACAAGCCCGTCAGGGCGCGTCAGCGGGTGTTGGCGGGTGTCGGGGCTGGCTTAACTATGCGGCATCAGAGCAGATTGTACTGAGAGTGCACCATAGTTTAAACTGTGGCTGTGGTTTCAGGGTCCATAAAGCTTTTCAATTCATCTTTTTTTTTTTTGTTCTTTTTTTTGATTCCGGTTTCTTTGAAATTTTTTTGATTCGGTAATCTCCGAGCAGAAGGAAGAACGAAGGAAGGAGCACAGACTTAGATTGGTATATATACGCATATGTGGTGTTGAAGAAACATGAAATTGCCCAGTATTCTTAACCCAACTGCACAGAACAAAAACCTGCAGGAAACGAAGATAAATCATGTCGAAAGCTACATATAAGGAACGTGCTGCTACTCATCCTAGTCCTGTTGCTGCCAAGCTATTTAATATCATGCACGAAAAGCAAACAAACTTGTGTGCTTCATTGGATGTTCGTACCACCAAGGAATTACTGGAGTTAGTTGAAGCATTAGGTCCCAAAATTTGTTTACTAAAAACACATGTGGATATCTTGACTGATTTTTCCATGGAGGGCACAGTTAAGCCGCTAAAGGCATTATCCGCCAAGTACAATTTTTTACTCTTCGAAGACAGAAAATTTGCTGACATTGGTAATACAGTCAAATTGCAGTACTCTGCGGGTGTATACAGAATAGCAGAATGGGCAGACATTACGAATGCACACGGTGTGGTGGGCCCAGGTATTGTTAGCGGTTTGAAGCAGGCGGCGGAAGAAGTAACAAAGGAACCTAGAGGCCTTTTGATGTTAGCAGAATTGTCATGCAAGGGCTCCCTAGCTACTGGAGAATATACTAAGGGTACTGTTGACATTGCGAAGAGCGACAAAGATTTTGTTATCGGCTTTATTGCTCAAAGAGACATGGGTGGAAGAGATGAAGGTTACGATTGGTTGATTATGACACCCGGTGTGGGTTTAGATGACAAGGGAGACGCATTGGGTCAACAGTATAGAACCGTGGATGATGTCGTCTCTACAGGATCTGACATTATTATTGTTGGAAGAGGACTATTTGCAAAGGGAAGGGATGCTAAGGTAGAGGGTGAACGTTACAGAAAAGCAGGCTGGGAAGCATATTTGAGAAGATGCGGCCAGCAAAACTAAGCGAATTTCTTATGATTTATGATTTTTATTATTAAATAAGTTATAAAAAAAATAAGTGTATACAAATTTTAAAGTGACTCTTAGGTTTTAAAACGAAAATTCTTATTCTTGAGTAACTCTTTCCTGTAGGTCAGGTTGCTTTCTCAGGTATAGCATGAGGTCGCTCTTATTGACCACACCTCCGCCAGGGTTTTCCCAGTCACGACAGTTTATCATTATCAATACTCGCCATTTCAAAGAATACGTAAATAATTAATAGTAGTGATTTTCCTAACTTTATTTAGTCAAAAAATTAGCCTTTTAATTCTGCTGTAACCCGTACATGCCCAAAATAGGGGGCGGGTTACACAGAATATATAACATCGTAGGTGTCTGGGTGAACAGTTTATTCCTGGCATCCACTAAATATAATGGAGCCCGCTTTTTAAGCTGGCATCCAGAAAAAAAAAGAATCCCAGCACCAAAATATTGTTTTCTTCACCAACCATCAGTTCATAGGTCCATTCTCTTAGCGCAACTACAGAGAACAGGGGCACAAACAGGCAAAAAACGGGCACAACCTCAATGGAGTGATGCAACCTGCCTGGAGTAAATGATGACACAAGGCAATTGACCCACGCATGTATCTATCTCATTTTCTTACACCTTCTATTACCTTCTGCTCTCTCTGATTTGGAAAAAGCTGAAAAAAAAGGTTGAAACCAGTTCCCTGAAATTATTCCCCTACTTGACTAATAAGTATATAAAGACGGTAGGTATTGATTGTAATTCTGTAAATCTATTTCTTAAACTTCTTAAATTCTACTTTTATAGTTAGTCTTTTTTTTAGTTTTAAAACACCAGAACTTAGTTTCGACGGATTCTAGAACTAGTGGATCCATCACAAAATGTGAGACCTGGTGTG,,,,,,,,,,,,,,,,,,,,,,,,,,,,,,,,,,,,,
1,PCR,1,(mCherry),AATG,GCCT,2,738,CACACCAGGTCTCAAATGGTGAGCAAGGGCGAGGAGGATAACATGGCCATCATCAAGGAGTTCATGCGCTTCAAGGTGCACATGGAGGGCTCCGTGAACGGCCACGAGTTCGAGATCGAGGGCGAGGGCGAGGGCCGCCCCTACGAGGGCACCCAGACCGCCAAGCTGAAGGTGACCAAGGGTGGCCCCCTGCCCTTCGCCTGGGACATCCTGTCCCCTCAGTTCATGTACGGCTCCAAGGCCTACGTGAAGCACCCCGCCGACATCCCCGACTACTTGAAGCTGTCCTTCCCCGAGGGCTTCAAGTGGGAGCGCGTGATGAACTTCGAGGACGGCGGCGTGGTGACCGTGACCCAGGACTCCTCCCTGCAGGACGGCGAGTTCATCTACAAGGTGAAGCTGCGCGGCACCAACTTCCCCTCCGACGGCCCCGTAATGCAGAAGAAGACCATGGGCTGGGAGGCCTCCTCCGAGCGGATGTACCCCGAGGACGGCGCCCTGAAGGGCGAGATCAAGCAGAGGCTGAAGCTGAAGGACGGCGGCCACTACGACGCTGAGGTCAAGACCACCTACAAGGCCAAGAAGCCCGTGCAGCTGCCCGGCGCCTACAACGTCAACATCAAGTTGGACATCACCTCCCACAACGAGGACTACACCATCGTGGAACAGTACGAACGCGCCGAGGGCCGCCACTCCACCGGCGGCATGGACGAGCTGTACGCCTTGAGACCTGGTGTG,,,,,,,,,,,,,,,,,,,,,,,,,,,,,,,,,,,,,
2,PCR,2,(HaRXL10),GCCT,GTAA,-2,691,CACACCAGGTCTCAGCCTCGGGACTCGCGAAACTAGGGGCTGCGACACAAGGTGCTCATGAACTCGAGGACGAGACATCAGGAAGACTTCTGAGGGTGCACACTTCTGCAAAGGAAGATCAAGAAGGTCGAATGATTCCTGGATCCGAGTTTTTTGAAAAGGCCCAGCCCGTCCTTCACAACTTGTCTATCAACATGCCGAACCTGGACGAAATCAAAGCGAATGCTGCCAGTTATTTTTACTTGTGTATGCGTGACGTGCTTCTGACAGAACAACAGCGTATCAAGGCATTTAACGATATGCGACGGAGAGCTGTGGTCGAGAGACTTCAAAGTATCCAGCCTATCGATTGGAACGTGGGGGCAGTCGATTGGCAGGCCATGCTCGCGTTGCAAAATCTTCTAGAGAACCGTGACATGTACTATCTGGCGATCTCACTGGCACTGGCAAAGCAGCCGTCAGTTCTCATACCGGAGCCGATTGCTAGAACGGCTAAGGAGATGGAATTGTCGCAATTCGGCTTGTGGGCATCGATGGAAAAGGTTCCCGAAGTAGTAAGAGAGCAACTTAAGAAGTTGCCCGACTTTGTTCAAGCCGCCGGTGATCATGCCCTCGTAAATGAGGTGGTACACAGCTACAAGCAGTTTTCCTCCGCTCTAATGCGTAAAAAAGCGTAATGAGACCTGGTGTG,,,,,,,,,,,,,,,,,,,,,,,,,,,,,,,,,,,,,
3,Annealed Oligos,0,(Hx6Fx3),AATG,GCCT,2,71,AATGCACCATCATCACCACCATGACTACAAGGATGACGATGACAAGGGATCTGGTGGAGATTACAAGGCCT,,,,,,,,,,,,,,,,,,,,,,,,,,,,,,,,,,,,,
,,,,,,,,,,,,,,,,,,,,,,,,,,,,,,,,,,,,,,,,,,,,,
Combinations of Assembly Pieces,,,,,,,,,,,,,,,,,,,,,,,,,,,,,,,,,,,,,,,,,,,,,
Variant,,,Bin 0,,Bin 1,,Bin 2,,,,,,,,,,,,,,,,,,,,,,,,,,,,,,,,,,,,,,
Number,Name,Assembly Method,Part(s),Assembly Piece ID Number,Part(s),Assembly Piece ID Number,Part(s),Assembly Piece ID Number,,,,,,,,,,,,,,,,,,,,,,,,,,,,,,,,,,,,,
0,pj5_00001,Golden-gate,(pGP6G2-ccdB_backbone),0,(mCherry),1,(HaRXL10),2,,,,,,,,,,,,,,,,,,,,,,,,,,,,,,,,,,,,,
1,pj5_00002,Golden-gate,(pGP6G2-ccdB_backbone),0,(Hx6Fx3),3,(HaRXL10),2,,,,,,,,,,,,,,,,,,,,,,,,,,,,,,,,,,,,,
