pWL,plate,row,col,stocked,pNL/AQ sample,date of stock,Researcher,name,SequenceFile link,vector,tag,insert desc,gene,notes/pKL#,notes2/project,bacteria,strain,bacterial res,clone 5',clone 3',plant res,stock type,For Cyrolabels,pWL,Tag,SANGER Seq
,,,,,,,,,,,,,,,,,,,,,,,,,,
344,,,,/,,,DFN,pGP4G::JAZ5-TYFY11A,,pGP4G,,,JAZ5,,JASMONATE-ZIM-DOMAIN PROTEIN 5,E. coli,Top10,AMP,Golden Gate,,,,,,,
343,,,,x,,211013,DFN,pGP4G::JAZ2-TYFY10B,,pGP4G,,,JAZ2,,JASMONATE-ZIM-DOMAIN PROTEIN 2,E. coli,Top10,AMP,Golden Gate,,,,,,,
342,,,,x,,210930,DFN/RR,pGP5G2-ccdB::NPF4.1,,pGP5G2,,,NPF4.1,,JA-Ile Transporter,E. coli,Top10,AMP,Golden Gate,,,,,,,
341,,,,x,,210928,DFN/JMP,ABRC_pDONRZEO-GPSO-0058::AtNPF4.1_NRT1/ PTR family 4.1,,pDONRZEO,,,NPF4.1,,JA-Ile Transporter,E. coli,Top10,Zeocin,Golden Gate,,,Glycerol 15%,,,,
340,,,,x,,210928,DFN/JMP,ABRC_pDEST22-U09-E04::JAZ5-TIFY11A,,pDEST22,,,JAZ5,,JASMONATE-ZIM-DOMAIN PROTEIN 5,E. coli,Top10,AMP/CARB100,Golden Gate,,,Glycerol 15%,,,,
339,,,,x,,210928,DFN/JMP,ABRC_pDEST22-U09-B01::JAZ2-TIFY10B,,pDEST22,,,JAZ2,,JASMONATE-ZIM-DOMAIN PROTEIN 2,E. coli,Top10,AMP/CARB100,Golden Gate,,,Glycerol 15%,,,,
338,,,,/,/,,PC,ITPK1-pAG416GPD-ccdB (pWL43),,,,,,,,,,,,,,,,,,
337,,,,,/,,PC,VIP2KD-pAG416GPD-ccdB (pWL43),,,,,,,,,,,,,,,,,,
336,,,,/,,210826,Gillaspy Lab,"ITPK1, Arabidopsis, At5g16760
Coding region (cDNA without the 5’UT or 3’UT)",https://docs.google.com/document/d/1QiLwAOiAhAN-7-Onx0s_jMiywBrfdtVG/edit?usp=sharing&ouid=109353468696635445817&rtpof=true&sd=true,,,,,,,,,,,,,,,,,
335,,,,/,,210826,Gillaspy Lab,"VIP2KD-pEntr_NS, Arabidopsis, At5G15070
Coding region (no 5’ UT) and missing the Phosphatase domain (C-terminal)",https://docs.google.com/document/d/1QiLwAOiAhAN-7-Onx0s_jMiywBrfdtVG/edit?usp=sharing&ouid=109353468696635445817&rtpof=true&sd=true,,,,,,,,,,,,,,,,,
334,,,,,cloning (Golden Gate),,PC,"Ratiometric biosensor AFB2-2Atag--pIL50-pRS40H, panARS,Hygb",,,,,,,,,,,,,,,,,,
333,,,,,cloning (Golden Gate),,PC ,"Ratiometric biosensor TIR1-2Atag--pIL50-pRS40H, panARS,Hygb",,,,,,,,,,,,,,,,,,
332,,,,,,,JAB,4GTPLRD1-IAA12,,,,,,,,,,,,,,,,,,
331,,,,x,cloning (Golden Gate),210831,DFN,pGP6G_HopBB1-mCherry,https://drive.google.com/file/d/1vREguEwXr8DLAZyOppm2cVeIKJN23Enp/view?usp=sharing,pGP6G,,,HopBB1,Golden Gate,JAZ effectors,E. coli,TOP10,,,,,,,,,
330,,,,x,cloning (Golden Gate),210831,DFN,pGP6G_HopZ1a-mCherry,https://drive.google.com/file/d/1vRYVNVCJ9Gf32O9uHzItxE0ueWJUB9O8/view?usp=sharing,pGP6G,,,HopZ1a,Golden Gate,JAZ effectors,E. coli,TOP10,,,,,,,,,
329,,,,x,cloning (Golden Gate),210831,DFN,pGP6G_HopX1-mCherry,https://drive.google.com/file/d/1vUp3IctDWkMxwg7FYtnzRHx122G0-VQO/view?usp=sharing,pGP6G,,,HopX1,Golden Gate,JAZ effectors,E. coli,TOP10,,,,,,,,,
328,,,,,,,JAB/CL,4GTPLRD1-IAA12-GFP-prb (construct 1),,,,,,,,,,,,,,,,,,
327,,,,,,,JAB/CL,4GTPLRD1-IAA12-GFP-pdar (construct 2),,,,,,,,,,,,,,,,,,
326,,,,,,,JAB/CL,4GTPLRD1-IAA14-GFP-prb (construct 3),,,,,,,,,,,,,,,,,,
325,,,,,,,JAB/CL,4GTPLRD1-IAA12-GFP-pdar (construct 4),,,,,,,,,,,,,,,,,,
324,,,,,,,JAB/CL,4GTPLRD1-IAA14-pdar_avidity_point_mutant,,,,,,,,,,,,,,,,,,
323,,,,,,,JAB/CL,4GTPLRD1-IAA12-pdar_avidity_point_mutant,,,,,,,,,,,,,,,,,,
322,,,,,,,JAB/CL,4GTPLRD1-IAA14-prb_avidity_point_mutant,,,,,,,,,,,,,,,,,,
321,,,,,,,JAB/CL,4GTPLRD1-IAA12-prb_avidity_point_mutant,,,,,,,,,,,,,,,,,,
320,,,,,,,JAB/CL,pGP8A-ARF5-Pdar_avidity_point_mutant,,,,,,,,,,,,,,,,,,
319,,,,,,,JAB/CL,pGP8A-ARF7-Pdar_avidity_point_mutant,,,,,,,,,,,,,,,,,,
318,,,,,,,JAB/CL,pGP8A-ARF5-Prb_avidity_point_mutant,,,,,,,,,,,,,,,,,,
317,,,,,,,JAB/CL,pGP8A-ARF7-Prb_avidity_point_mutant,,,,,,,,,,,,,,,,,,
316,,,,,,,JAB,4GTPLRD1-IAA12,,,,,,,,,,,,,,,,,,
315,,,,x,,210927,DFN,pMOD TRP pGalZ4::NLS-ScJAZ3,,,,,,,JAZ proteins_ Orlando,,,,,,,,,,,
314,,,,x,,210927,DFN,pGalZ4::NLS-MXI1-ScJAZ3 TRP,,,,,,,,,,,,,,,,,,
313,,,,x,,210702,DFN,pMOD URA pMin_6xGbox::UbiM-L1-eYFP-NLS,,,,,,,,,,,,,,,,,,
312,,,,x,,210702,DFN,pMOD LEU pCyc1::ScMYC3-NLS,,,,,,,,,,,,,,,,,,
311,,,,x,,210927,DFN,pMOD LEU pGalZ4::ScMYC3-NLS,,,,,,,,,,,,,,,,,,
310,,,,x,,210927,DFN,pMOD URA pGPD::ScCOI1-NLS,,,,,,,,,,,,,,,,,,
309,,,,x,,210927,DFN,pMODKan_HO_pACT1_Zev4,,,,,,,,,,,,,,,,,,
308,,,,x,,210927,DFN,pMOD TRP pGalZ4::NLS-eYFP-JAZ12,https://benchling.com/s/seq-n1xquHGIdZ8jwK9oTTD6,pGalZ4,,,JAZ12,,,,,,,,,,,,,
307,,,,x,,210730,DFN/KAN,pMOD TRP pGalZ4::NLS-eYFP-JAZ10,https://benchling.com/s/seq-bqB1VZnMipz5Oqr8voLS,pGalZ4,,,JAZ10,,,,,,,,,,,,,
306,,,,x,,210702,DFN,pMOD TRP pGalZ4::NLS-eYFP-JAZ9,https://benchling.com/s/seq-7HUiRf06TVMv7TE6dnWi,pGalZ4,,,JAZ9,,,,,,,,,,,,,
305,,,,x,,210927,DFN/KAN,pMOD TRP pGalZ4::NLS-eYFP-JAZ8,https://benchling.com/s/seq-2q2q37T3kcrjTGQjR5sJ,pGalZ4,,,JAZ8,,,,,,,,,,,,,
304,,,,x,,210727,DFN/KAN,pMOD TRP pGalZ4::NLS-eYFP-JAZ3,https://benchling.com/s/seq-v08dxzNNzmx2B6hlniu6,pGalZ4,,,JAZ3,,,,,,,,,,,,,
303,,,,x,,210928,DFN,pMOD TRP pGalZ4::NLS-eYFP-JAZ1,https://benchling.com/s/seq-7C1qOBJ9sqB9hLnPnIVs,pGalZ4,,,JAZ1,,,,,,,,,,,,,
302,,,,x,,210617,DFN,pMOD pGPD::eYFP-JAZ13-NLS TRP,https://benchling.com/s/seq-eeXbsi1chmqoyDS57lNq,pGPD,,,JAZ13-NLS,,,E. coli,TOP10,,,,,,,,,
301,,,,x,,210617,DFN,pMOD pGPD::eYFP-JAZ11-NLS TRP,https://benchling.com/s/seq-srMH6IyxP4FTeFxjBajo,pGPD,,,JAZ11-NLS,,,E. coli,TOP10,,,,,,,,,
300,,,,x,,210617,DFN,pMOD pGPD::eYFP-JAZ10-NLS TRP,https://benchling.com/s/seq-y2w6dxgD3FmS4uL4SiO4,pGPD,,,JAZ10-NLS,,,E. coli,TOP10,,,,,,,,,https://drive.google.com/file/d/192R0puoBqNm3UIqgmT1GPkHEQrrTXb1-/view?usp=sharing
299,,,,x,,210617,DFN,pMOD pGPD::eYFP-JAZ9-NLS TRP,https://benchling.com/s/A7WLMlgM,pGPD,,,JAZ9-NLS,,,E. coli,TOP10,,,,,,,,,
298,,,,x,,210617,DFN,pMOD pGPD::eYFP-JAZ8-NLS TRP,https://benchling.com/s/seq-wAdLgLdOpL7BEzxa1PIx,pGPD,,,JAZ8-NLS,,,E. coli,TOP10,,,,,,,,,https://drive.google.com/file/d/18vmZziaZAbeE-b2TilHmCELMu3aG19NB/view?usp=sharing
297,,,,x,,210617,DFN,pMOD pGPD::eYFP-JAZ7-NLS TRP,https://benchling.com/s/seq-Nr8cvjloIKeDrM4T5k2A,pGPD,,,JAZ7-NLS,,,E. coli,TOP10,,,,,,,,,
296,,,,x,,210617,DFN,pMOD pGPD::eYFP-JAZ6-NLS TRP,https://benchling.com/s/ZE5iWAAo,pGPD,,,JAZ6-NLS,,,E. coli,TOP10,,,,,,,,,https://drive.google.com/file/d/18ql9mgalqUSJhppMua-zLmlSEFaZPMMO/view?usp=sharing
295,,,,x,,210617,DFN,pMOD pGPD::eYFP-JAZ4-NLS TRP,https://benchling.com/s/seq-z0xMnX5PzqLgAjXJ6Y4h,pGPD,,,JAZ4-NLS,,,E. coli,TOP10,,,,,,,,,https://drive.google.com/file/d/1949AImcbRACEVJ341_8EL7lhyv6NZIyY/view?usp=sharing
294,,,,x,,210617,DFN,pMOD pGPD::eYFP-JAZ3-NLS TRP,https://benchling.com/s/seq-jYPSmJXDnwmQhbihKdDP,pGPD,,,JAZ3-NLS,,,E. coli,TOP10,,,,,,,,,
293,,,,x,,210617,DFN,pMOD pGPD::eYFP-JAZ1-NLS TRP,https://benchling.com/s/seq-nBSHiaFueptrjYlIWnXg,pGPD,,,JAZ1-NLS,,,E. coli,TOP10,,,,,,,,,
292,,,,,,,PC/JAB,pGP8A_ARF19-delete residue 211-240,,,,,,,,,,,,,,,,,,
291,,,,,,,PC/JAB,pGP8A_ARF19-delete residue 011-050,,,,,,,,,,,,,,,,,,
290,,,,,,,PC/JAB,pGP8A_ARF7-delete residue 571-610,,,,,,,,,,,,,,,,,,
289,,,,,,,PC/JAB,pGP8A_ARF7-delete residue 011-050,,,,,,,,,,,,,,,,,,
288,,,,,,,MR,pCTcon2_Nano85,,,,,,,,,,,,,,,,,,
287,,,,,,,MR,pCTcon2_Nano26,,,,,,,,,,,,,,,,,,
286,,,,x,,,MR,pGP4G_Aga2_Nano85,,,,,,,,,,,,,,,,,,
285,,,,x,,,MR,pGP4G_Aga2_Nano26,,,,,,,,,,,,,,,,,,
284,,,,,,,,pGP6G_HaRXL23_FlagTag,,,,,,,,,,,,,,,,,,
283,,,,x,,210507,DFN,pGP6G_HaRXL23_mCherry,https://drive.google.com/file/d/1Ymekfv6sREO31Q41IDYes3NmD4yU_qXa/view?usp=sharing,pGP6G,,,HaRxL23,,,E. coli,TOP10,Amp/Carb,,,,,,,,https://drive.google.com/drive/folders/18TMb0Zauda9NaWHjmWEFcCU_OjChPrWE?usp=sharing
282,,,,x,,210215,JAB,4GTPLRD1-IAA14-prb,,,,,,,,,,Amp/Carb,,,,,,,,
281,,,,x,,210305,JAB,4GTPLRD1-IAA14-pdar,,,,,,,,,,Amp/Carb,,,,,,,,
280,,,,x,,210215,JAB,4GTPLRD1-IAA14-GOF-prb,,,,,,,,,,Amp/Carb,,,,,,,,
279,,,,x,,210305,JAB,4GTPLRD1-IAA14-GOF-pdar,,,,,,,,,,Amp/Carb,,,,,,,,
278,,,,x,,210305,JAB,4GTPLRD1-IAA12-prb,,,,,,,,,,Amp/Carb,,,,,,,,
277,,,,x,,210305,JAB,4GTPLRD1-IAA12-pdar,,,,,,,,,,Amp/Carb,,,,,,,,
276,,,,,,210310,JAB,4GTPLRD1-IAA12-GOF-prb,,,,,,,,,,Amp/Carb,,,,,,,,
275,,,,,,210310,JAB,4GTPLRD1-IAA12-GOF-pdar,,,,,,,,,,Amp/Carb,,,,,,,,
274,,,,/,,,PC,pGP4G2-eGFP-ERBV-IAA17-TIR1-mScarlet (Single ratiomentric construct TIR1_pWL233backbone),,,,,,,,,,,,,,,,,,
273,,,,/,,,PC,pGP4G2-eGFP-ERBV-IAA17-AFB2-mScarlet (Single ratiomentric construct AFB2_pWL233backbone),,,,,,,,,,,,,,,,,,
272,,,,X,,,JAB/CL,pGP8A-ARF7-fullength-GFP (construct 4),,,,,,,,,,,,,,,,,,
271,,,,X,,,JAB/CL,pGP8A-ARF5-fullength-GFP (construct 3),,,,,,,,,,,,,,,,,,
270,,,,X,,,JAB/CL,pGP8A-ARF7-Delta-GFP (construct 2),,,,,,,,,,,,,,,,,,
269,,,,X,,,JAB/CL,pGP8A-ARF5-Delta-GFP (construct 1),,,,,,,,,,,,,,,,,,
268,,,,x,,210309,MR,pGP8G2_AFB1_3xF6xH_S434E,,,,,,,,,,,,,,,,,,
267,,,,x,,210309,MR,pGP8G2_AFB1_3xF6xH_A460E,,,,,,,,,,,,,,,,,,
266,,,,,,210414,MR,pGP8G2_AFB1_3xF6xH_K8E,,,,,,,,,,,,,,,,,,
265,,,,,,210414,MR,pGP8G2_AFB1_3xF6xH_G143D,,,,,,,,,,,,,,,,,,
264,,,,,,210414,MR,pGP8G2_AFB1_3xF6xH_V113A,,,,,,,,,,,,,,,,,,
263,,,,x,,210309,MR,pGP8G2_TIR1_D170A,,,,,,,,,,,,,,,,,,
262,,,,x,,210309,MR,pGP8G2_TIR1_M473A,,,,,,,,,,,,,,,,,,
261,,,,x,,210309,MR,pGP8G2_TIR1_E12K,,,,,,,,,,,,,,,,,,
260,,,,,,210414,MR,pGP8G2_AFB1_noFLAGtag2,,,,,,,,,,,,,,,,,,
259,,,,/,,,PC,pGP6pIAA19-Ub-mScarlet,,,,,,,,,,,,,,,,,,
258,,,,,1619,,MR,pGP5G-AFB1,,,,,,,,,,,,,,,,,,
257,,,,x,1218,210309,MR,pGP8G2-AFB2gg,,,,,,,,,,,,,,,,,,
256,,,,x,1216,210309,MR,pGP8G2-TIR1gg,,,,,,,,,,,,,,,,,,
255,,,,,,200317,MR/PC,pIL75,,"pRS400, KanMX panARS",,,,,,,,AMP,,,,,,,,
254,,,,,,200317,MR/PC,pIL68,,pIL22 with panARS_mut1 in Aat2 site,,,,,,,,AMP,,,,,,,,
253,,,,,,200317,MR/PC,pIL57,,"pRS406, panARS_mut1",,,,,,,,AMP,,,,,,,,
252,,,,,,200317,MR/PC,pIL51,,"pRS40B, panARS,ble",,,,,,,,AMP,,,,,,,,
251,,,,,,200317,MR/PC,pIL50,,"pRS40H, panARS,Hygb",,,,,,,,AMP,,,,,,pWL 251,pWL251_pIL50 200317 AMP,
250,,,,,,200317,MR/PC,pIL49,,"pRS40N, panARS,natMX",,,,,,,,AMP,,,,,,pWL 250,pWL250_pIL49 200317 AMP,
249,,,,,,200317,MR/PC,pIL48,,"pRS400, panARS,G418",,,,,,,,AMP,,,,,,pWL 249,pWL249_pIL48 200317 AMP,
248,,,,x,695,200219,JAB,4GTPLRD1-IAA14,,4GTPLRD1-ccdB,TPLRD1,pDONRIAA14,IAA14,,,E. coli,DH5a,AMP,NA,NA,NA,,,pWL 248,pWL248_4GTPLRD1-IAA14 200219 AMP,
247,,,,x,1799,200219,JAB,6GP_ER7_with_Weijers_seq_7bpspacing_UbiVenus_stop ,,,,,,,,,,,,,,,,pWL 247,pWL247_6GP_ER7_with_Weijers_seq_7bpspacing_UbiVenus_stop  200219 ,
246,,,,x,679,200219,JAB,4G-TPLRD1,,4G-ccdB,NA,pDONR-TPLRD1,TPLRD1,,,E. coli,DH5a,AMP,NA,NA,NA,,,pWL 246,pWL246_4G-TPLRD1 200219 AMP,
245,,,,,,,,,,,,,,,,,,,,,,,,pWL 245,pWL245_  ,
244,,,,,,,MR,FDP_p10B2_COI1_3XFLAG6,,p10B2,3XFLAG6XHis,,COI1,,,,,,,,,,,pWL 244,pWL244_FDP_p10B2_COI1_3XFLAG6  ,
243,,,,x,,191218,JAB,pGP8A-ARF7-Prb,,,,,,,,,,Amp/Carb,,,,,,pWL 243,pWL243_pGP8A-ARF7-Prb 191218 Amp/Carb,
242,,,,x,,191118,JAB,pGP8A-ARF7-Pdar,,,,,,,,,,Amp/Carb,,,,,,pWL 242,pWL242_pGP8A-ARF7-Pdar 191118 Amp/Carb,
241,,,,x,,191118,JAB,pGP8A-ARF5-Pdar,,,,,,,,,,Amp/Carb,,,,,,pWL 241,pWL241_pGP8A-ARF5-Pdar 191118 Amp/Carb,
240,,,,,,,,pMOD6G-AtGH3.4,,,,,,,,,,,,,,,,pWL 240,pWL240_pMOD6G-AtGH3.4  ,
239,,,,,,,,pMOD6G-AtGH3.17,,,,,,,,,,,,,,,,pWL 239,pWL239_pMOD6G-AtGH3.17  ,
238,,,,,,,,pMOD6G-AtGH3.9,,,,,,,,,,,,,,,,pWL 238,pWL238_pMOD6G-AtGH3.9  ,
237,,,,x,,210210,JAB,pGP8A-ARF5-Prb,,,,,,,,,,Amp/Carb,,,,,,pWL 237,pWL237_pGP8A-ARF5-Prb 210210 Amp/Carb,
236,,,,,,,,pGP4G2-yEGFP-JAZ9_IAA17-ERBV-1-2a-mScarlet,,pGP4G2,,,JAZ9_IAA17,,,,,Amp/Carb,,,,,,pWL 236,pWL236_pGP4G2-yEGFP-JAZ9_IAA17-ERBV-1-2a-mScarlet  Amp/Carb,
235,,,,,,,MR,FDP_p10B2_TIR1_3XFLAG_6XHis,,p10B2,3XFLAG6XHis,,TIR1,,,,,Amp/Carb,,,,,,pWL 235,pWL235_FDP_p10B2_TIR1_3XFLAG_6XHis  Amp/Carb,
234,,,,,,,MR,FDP_p10B2_AFB2_3XFLAG_6XHis,,p10B2,3XFLAG6XHis,,AFB2,,,,,Amp/Carb,,,,,,pWL 234,pWL234_FDP_p10B2_AFB2_3XFLAG_6XHis  Amp/Carb,
233,,,,,,190718,MR,pGP4G2-yEGFP-IAA17-ERBV-1-2a-mScarlet,,,,,,,,,,Amp/Carb,,,,,,pWL 233,pWL233_pGP4G2-yEGFP-IAA17-ERBV-1-2a-mScarlet 190718 Amp/Carb,
232,,,,,,,,pGreenIIM_RPS5,,,,,,,,,,Kan,,,,,,pWL 232,pWL232_pGreenIIM_RPS5  Kan,
231,,,,,,,,pGreenIIM_DR5v2_ntdTomato/DR5-n3GFP,,,,,,,,,,,,,,,,pWL 231,pWL231_pGreenIIM_DR5v2_ntdTomato/DR5-n3GFP  ,
230,,,,,,,,Pdar(Asn34Asp),,,,,,,,,,,,,,,,pWL 230,pWL230_Pdar(Asn34Asp)  ,
229,,,,,,,,Prb(Asp83Asn),,,,,,,,,,,,,,,,pWL 229,pWL229_Prb(Asp83Asn)  ,
228,,,,,,,,Pdar,,,,,,,,,,,,,,,,pWL 228,pWL228_Pdar  ,
227,,,,,,,,Prb,,,,,,,,,,Kan,,,,,,pWL 227,pWL227_Prb  Kan,
226,,,,x,,210519,DFN,pGP4G_JAZ3,https://drive.google.com/file/d/1dPEaGkXu_uGW9_wZQG8emsdhrUufu7iF/view?usp=sharing,pGP4G,,,JAZ3,,,E. coli,TOP10,Amp,,,,,,pWL 226,pWL226_pGP4G_JAZ3 210519 Amp,https://drive.google.com/file/d/18kciAISEEypMKuo8qUgM2hGW0szcuUoS/view?usp=sharing
225,,,,,,,,pGP6G_HaRXL10_FlagTag,,,,,,,,,,,,,,,,pWL 225,pWL225_pGP6G_HaRXL10_FlagTag  ,
224,,,,x,,210507,DFN,pGP6G_HaRXL10_mCherry (pIUG-mScarlet-HaRXL10),https://drive.google.com/file/d/1HxDizZJkczhb09r2UqVUeqgXBTSy1E9L/view?usp=sharing,pGP6G,,,HaRxL10,,,E. coli,TOP10,Amp/Carb,,,,,,pWL 224,pWL224_pGP6G_HaRXL10_mCherry (pIUG-mScarlet-HaRXL10) 210507 Amp/Carb,https://drive.google.com/drive/folders/1HoefvQoVUHRP_h_mQSVsxPmf0lL-s6dG?usp=sharing
223,,,,,,190402,,pET28a,,,,,,,,E. coli,BL24+,Kan,,,,,,pWL 223,pWL223_pET28a 190402 Kan,
222,,,,,,190312,MR,pGP6pIAA19-mCherry-linker-iaaH,,,,,,,,E. coli,NEB10-Beta,Amp/Carb,,,,,,pWL 222,pWL222_pGP6pIAA19-mCherry-linker-iaaH 190312 Amp/Carb,
221,,,,,,190312,MR,FDP-p10B2-A75-RZ-URA3,,p10B2,,,integration cassette with an evolved promoter and a hard-coded poly-A tail,,,E. coli,NEB10-Beta,Amp/Carb,,,,,,pWL 221,pWL221_FDP-p10B2-A75-RZ-URA3 190312 Amp/Carb,
220,,,,,,190312,MR,FDP-p10B2-URA3,,p10B2,,,integration cassette with an evolved promoter,,,E. coli,NEB10-Beta,Amp/Carb,,,,,,pWL 220,pWL220_FDP-p10B2-URA3 190312 Amp/Carb,
219,,,,,,190312,MR,pAR633: TP-DNAP1-HIS3,,pAR633,,,"encodes mutant TP-DNAP1 (L447V, L640Y, I777K, W814N) ",,,E. coli,NEB10-Beta,Kan,,,,,,pWL 219,pWL219_pAR633: TP-DNAP1-HIS3 190312 Kan,
218,,,,,,190312,MR,pAR318: TP-DNAP1-HIS3,,pAR318,,, WT TP-DNAP1 ,,,E. coli,NEB10-Beta,Kan,,,,,,pWL 218,pWL218_pAR318: TP-DNAP1-HIS3 190312 Kan,
217,,,,,,190309,MR,pDONR207-HaRXL10,,pDONR,,,HaRXL10,,,E. coli,TOP10,Gentamycin,,,,,,pWL 217,pWL217_pDONR207-HaRXL10 190309 Gentamycin,
216,,,,,,190309,MR,pENTR4-JAZ3,,pENTR4,,,JAZ3,,,E. coli,TOP10,Kan,,,,,,pWL 216,pWL216_pENTR4-JAZ3 190309 Kan,
215,,,,,AQ13821,190309,,PHD5 (p2301Y-tOCS-pUBQ1:NLS-Venus-LucPlus-tUBQ1-pU6:pUBQ1_gRNA_Target1-tU6-pUBQ10:dCas9-Jas9-TPLRD2-tNos),,,,,,290512,,,,Kan,,,,,,pWL 215,pWL215_PHD5 (p2301Y-tOCS-pUBQ1:NLS-Venus-LucPlus-tUBQ1-pU6:pUBQ1_gRNA_Target1-tU6-pUBQ10:dCas9-Jas9-TPLRD2-tNos) 190309 Kan,
214,,,,,AQ16668,190309,,ABS53 (p2301Y-tOCS-pUBQ1_AlteredGrnaTargetSite1:NLS-Venus-LucPlus-tUBQ1-pU6:pUBQ1_Target1-tU6-pUBQ10:dCas9-NdC_IAA17-TPLRD2-tNos),,,,,,99268,,,,Kan,,,,,,pWL 214,pWL214_ABS53 (p2301Y-tOCS-pUBQ1_AlteredGrnaTargetSite1:NLS-Venus-LucPlus-tUBQ1-pU6:pUBQ1_Target1-tU6-pUBQ10:dCas9-NdC_IAA17-TPLRD2-tNos) 190309 Kan,
213,,,,,AQ14347,190309,,ABS48 (p2301Y-tOCS-pUBQ1:NLS-Venus-LucPlus-tUBQ1-pU6:pUBQ1_gRNA_Target1-tU6-pUBQ10:dCas9-IAA28_dCstar-TPLRD2-tNos,,,,,,74784,,,,Kan,,,,,,pWL 213,pWL213_ABS48 (p2301Y-tOCS-pUBQ1:NLS-Venus-LucPlus-tUBQ1-pU6:pUBQ1_gRNA_Target1-tU6-pUBQ10:dCas9-IAA28_dCstar-TPLRD2-tNos 190309 Kan,
212,,,,,AQ13520,190309,,ABS44 (p2301Y-tOCS-pUBQ1:NLS-Venus-LucPlus-tUBQ1-pU6:pUBQ1_gRNA_Target1-tU6-pUBQ10:dCas9-NdC_IAA17-TPLRD2-tNos),,,,,,69700,,,,Kan,,,,,,pWL 212,pWL212_ABS44 (p2301Y-tOCS-pUBQ1:NLS-Venus-LucPlus-tUBQ1-pU6:pUBQ1_gRNA_Target1-tU6-pUBQ10:dCas9-NdC_IAA17-TPLRD2-tNos) 190309 Kan,
211,,,,,AQ12019,190309,,pMOD6G-AtGH3.5,,,,,,63006,,,,Carb,,,,,,pWL 211,pWL211_pMOD6G-AtGH3.5 190309 Carb,
210,,,,,AQ12023,190309,,pMOD6G-AtGH3.6,,,,,,63007,,,,Carb,,,,,,pWL 210,pWL210_pMOD6G-AtGH3.6 190309 Carb,
209,,,,,AQ12024,190309,,pMOD6G-AtGH3.3,,,,,,63005,,,,Carb,,,,,,pWL 209,pWL209_pMOD6G-AtGH3.3 190309 Carb,
208,,,,,AQ12026,190309,,pMOD6G-AtGH3.11,,,,,,63008,,,,Carb,,,,,,pWL 208,pWL208_pMOD6G-AtGH3.11 190309 Carb,
207,,,,,AQ12027,190309,,pMOD6G-AtGH3.10,,,,,,61598,,,,Carb,,,,,,pWL 207,pWL207_pMOD6G-AtGH3.10 190309 Carb,
206,,,,,AQ458,190309,,pGP8G-AtuiaaH,,pGP8G,,iaaH Ag tumefaciens,,51660,,,,Carb,,,,,,pWL 206,pWL206_pGP8G-AtuiaaH 190309 Carb,
205,,,,,pj5_0173,,MR,pGP4G2-yEGFP-IAA17-ERBV-1-2a-TagRFP,,,,,,,,,,,,,,,,pWL 205,pWL205_pGP4G2-yEGFP-IAA17-ERBV-1-2a-TagRFP  ,
204,,,,x,pj5_0180,,MR,pGP4G2-mCherry-IAA17,,pGP4G2,,,,,,,,,,,,,,pWL 204,pWL204_pGP4G2-mCherry-IAA17  ,
203,,,,x,pj5_0179,,MR,pGP4G2-mKate-IAA17,,pGP4G2,,,,,,,,,,,,,,pWL 203,pWL203_pGP4G2-mKate-IAA17  ,
202,,,,x,pj5_0178,,MR,pGP4G2-mScarlet-IAA17,,pGP4G2,,,,,,,,,,,,,,pWL 202,pWL202_pGP4G2-mScarlet-IAA17  ,
201,,,,x,pj5_0177,,MR,pGP4G2-moxGFP-IAA17,,pGP4G2,,,,,,,,,,,,,,pWL 201,pWL201_pGP4G2-moxGFP-IAA17  ,
200,,,,x,pj5_0176,,MR,pGP4G2-mClover-IAA17,,pGP4G2,,,,,,,,,,,,,,pWL 200,pWL200_pGP4G2-mClover-IAA17  ,
199,,,,x,pj5_0175,,MR,pGP4G2-TagRFP-IAA17,,pGP4G2,,,,,,,,,,,,,,pWL 199,pWL199_pGP4G2-TagRFP-IAA17  ,
198,,,,x,pj5_0174,,MR,pGP4G2-yEGFP-IAA17,,pGP4G2,,,,,,,,,,,,,,pWL 198,pWL198_pGP4G2-yEGFP-IAA17  ,
197,,,9,x,52345,,,pCCL-GKL1RC-Short-LEUg1mKateg2GKL2ORF10UCS,,,,,,,DH5a,,,Amp,,,,,,pWL 197,pWL197_pCCL-GKL1RC-Short-LEUg1mKateg2GKL2ORF10UCS  Amp,
196,,,8,x,52346,,,pCCL-ReDNAP (Y427A),,,,,,,DH5a,,,Kan,,,,,,pWL 196,pWL196_pCCL-ReDNAP (Y427A)  Kan,
195,,,7,x,52347,,,pCCL-GKL1ShortMutPRC-Ug1Lg2starTGA,,,,,,,DH5a,,,Amp,,,,,,pWL 195,pWL195_pCCL-GKL1ShortMutPRC-Ug1Lg2starTGA  Amp,
194,,,6,x,85044,,,pmScarlet-i_C1,,,,,,,DH5a,,,Kan,,,,,,pWL 194,pWL194_pmScarlet-i_C1  Kan,
193,,,5,x,74236,,,pNCS-mClover3,,,,,,,DH5a,,,Amp,,,,,,pWL 193,pWL193_pNCS-mClover3  Amp,
192,,,4,x,68070,,,moxGFP,,,,,,,DH5a,,,Kan,,,,,,pWL 192,pWL192_moxGFP  Kan,
191,,,3,x,113078,,,pEvolvR-enCas9-PolI5M,,,,,,,DH5a,,,Kan,,,,,,pWL 191,pWL191_pEvolvR-enCas9-PolI5M  Kan,
190,,,2,x,113077,,,pEvolvR-enCas9-PolI3M-TBD,,,,,,,DH5a,,,Kan,,,,,,pWL 190,pWL190_pEvolvR-enCas9-PolI3M-TBD  Kan,
189,2,H,8,x,136,,RW,agro,,C58C1 (pTiB6S3dT)H pK7WG2-GFP (pNL1574),,,pNL1574,,,,,Tet Kan,,,,,,pWL 189,pWL189_agro  Tet Kan,
188,2,H,7,x,135,,RW,,,C58C1 (pTiB6S3dT)H,,,,,,,,Tet,,,,,C58C1 (pTiB6S3dT)H,pWL 188,pWL188_  Tet ,
187,2,H,6,x,6,,cw,agro,,"pSOUP
",pSOUP,,,,Agrobacteria,Tetracyclin/Gentamycin,,Tet Gent,,,,,GV3101,pWL 187,pWL187_agro  Tet Gent,
186,2,H,5,x,,,,pGP8G3-TIR1-3F6H,,,,,,,,,DH5Alpha,Carb,,,,,,pWL 186,pWL186_pGP8G3-TIR1-3F6H  Carb,
185,2,H,4,,1888,,HG,p221z-erTagRFP,,,,,,,https://www.addgene.org/71266/,,DH5Alpha,zeocin,,,,,pNL1888_p221z-erTagRFP  HG,pWL 185,pWL185_p221z-erTagRFP  zeocin,
184,2,H,3,x,1623,,RW,pCH32,,,,prepped from C58C1 agro,,,,,,Tet,,,,,pNL1623_pCH32  RW,pWL 184,pWL184_pCH32  Tet,
183,2,H,2,x,1615,,RW,(pK7GW2-nop)_pTIR1-TIR1-AFB2-3xF-6xH,,,3xFlag-6xHis,,,pj5_0113,,,,Spec,,,,,pNL1615_(pK7GW2-nop)_pTIR1-TIR1-AFB2-3xF-6xH  RW,pWL 183,pWL183_(pK7GW2-nop)_pTIR1-TIR1-AFB2-3xF-6xH  Spec,
182,2,H,1,x,1614,,RW,(pK7GW2-nop)_pTIR1-TIR1-3xF-6xH,,,3xFlag-6xHis,,,pj5_0112,,,,Spec,,,,,pNL1614_(pK7GW2-nop)_pTIR1-TIR1-3xF-6xH  RW,pWL 182,pWL182_(pK7GW2-nop)_pTIR1-TIR1-3xF-6xH  Spec,
181,2,G,12,,1613,,RW,(pK7GW2-nop)_pTIR1-AFB2-3xF-6xH,,,3xFlag-6xHis,,,pj5_0111,,,,Spec,,,,,,pWL 181,pWL181_(pK7GW2-nop)_pTIR1-AFB2-3xF-6xH  Spec,
180,2,G,11,x,1612,,RW,(pK7GW2-nop)_pTIR1-AFB2-TIR1-3xF-6xH,,,3xFlag-6xHis,,,pj5_0110,,,,Spec,,,,,pNL1612_(pK7GW2-nop)_pTIR1-AFB2-TIR1-3xF-6xH  RW,pWL 180,pWL180_(pK7GW2-nop)_pTIR1-AFB2-TIR1-3xF-6xH  Spec,
179,2,G,10,x,1574,,RW,pK7WG2-GFP,,pK7WG2,,,GFP,,,E.coli,DH5a,Spec,,,kan,,pNL1574_pK7WG2-GFP ,pWL 179,pWL179_pK7WG2-GFP  Spec,
178,2,G,9,x,,,,DB3.1 - Empty Strain,,,,,,,,,DB3.1,N/A,,,,,,pWL 178,pWL178_DB3.1 - Empty Strain  N/A,
177,2,G,8,x,1356,,RW,DH5a - Empty Strain,,,,,,pj5_0054,,DH5alpha,,N/A,,,,,pNL1356_DH5a - Empty Strain  RW,pWL 177,pWL177_DH5a - Empty Strain  N/A,
176,2,G,7,x,1355,,RW,DH5a - Empty Strain,,,,,,,,DH5alpha,,N/A,,,,,pNL1355_DH5a - Empty Strain  RW,pWL 176,pWL176_DH5a - Empty Strain  N/A,
175,2,G,6,x,99,,cw,DH5a,,,N/A,,,Compotent cells,CW rec'd from A.Crowe,E. coli,DH5a,N/A,,,N/A,e. coli,,pWL 175,pWL175_DH5a  N/A,
174,2,G,5,x,2167,,HG,L0_SC-mScarlet,,pBlunt,,,,,,E.coli,DH5alpha,Kan,,,,,pNL2167_L0_SC-mScarlet  HG,pWL 174,pWL174_L0_SC-mScarlet  Kan,
173,2,G,4,x,2052,,ARL,NmVenus210::X--CVenus210::X,,PDOE-05,FLAG,CD3-1908,NA,,BiFC vectors,E.coli,DH5alpha,Kan,,,,,pNL2052_NmVenus210::X--CVenus210::X  ARL,pWL 173,pWL173_NmVenus210::X--CVenus210::X  Kan,
172,2,G,3,x,2051,,ARL,NmVenus210::X--X::CVenus210,,PDOE-05,FLAG,CD3-1907,NA,,BiFC vectors,E.coli,DH5alpha,Kan,,,,,pNL2051_NmVenus210::X--X::CVenus210  ARL,pWL 172,pWL172_NmVenus210::X--X::CVenus210  Kan,
171,2,G,2,x,2050,,ARL,X::NmVenus210--CVenus210::X,,PDOE-05,FLAG,CD3-1906,NA,,BiFC vectors,E.coli,DH5alpha,Kan,,,,,pNL2050_X::NmVenus210--CVenus210::X  ARL,pWL 171,pWL171_X::NmVenus210--CVenus210::X  Kan,
170,2,G,1,x,2049,,ARL,X::NmVenus210--X::CVenus210,,PDOE-05,FLAG,CD3-1905,NA,,BiFC vectors,E.coli,DH5alpha,Kan,,,,,pNL2049_X::NmVenus210--X::CVenus210  ARL,pWL 170,pWL170_X::NmVenus210--X::CVenus210  Kan,
169,2,F,12,x,1864,,ARL,pHEE401E,,pCambia,3×FLAG,Egg cell-specific promoter-controlled expression of 3×FLAG-NLS-zCas9-NLS. Contains gRNA scaffold for insertion of target sequence (U6-26 promoter),,,For CRISPR/CAS9 mutagenesis in Arabidopsis: https://www.addgene.org/71287/,E. Coli,DH5Alpha,Kan,,,Hygromycin,DNA and E. Coli,pNL1864_pHEE401E  ARL,pWL 169,pWL169_pHEE401E  Kan,
168,2,F,11,,1760,,epj,pDONR-IAA5,,,,,,pKL6,,,DH5a,Kan,,,,DNA only,pNL1760_pDONR-IAA5  epj,pWL 168,pWL168_pDONR-IAA5  Kan,
167,2,F,10,,1759,,epj,pDONR-IAA8,,,,,,pKL9,,,DH5a,Kan,,,,DNA only,pNL1759_pDONR-IAA8  epj,pWL 167,pWL167_pDONR-IAA8  Kan,
166,2,F,9,x,1642,,BLM,pDONR-IAA16,,,,,,pKL17,,,DH5a,Kan,,,,,pNL1642_pDONR-IAA16  BLM,pWL 166,pWL166_pDONR-IAA16  Kan,
165,2,F,8,,1505,,RW,pGRNH-pTIR1-TIR1-AFB2,,pGreenII-0179,none,TIR1 f-box AFB2 LRR,,pj5_0090,,,,Kan,,,,,pNL1505_pGRNH-pTIR1-TIR1-AFB2  RW,pWL 165,pWL165_pGRNH-pTIR1-TIR1-AFB2  Kan,
164,2,F,7,x,1504,,RW,pGRNH-pTIR1-TIR1-AFB2-3xF-6xH,,pGreenII-0179,3xFLAG-6xHIS,TIR1 f-box AFB2 LRR,,pJ5_0089,,,,Kan,,,,,pNL1504_pGRNH-pTIR1-TIR1-AFB2-3xF-6xH  RW,pWL 164,pWL164_pGRNH-pTIR1-TIR1-AFB2-3xF-6xH  Kan,
163,2,F,6,,1503,,RW,pGRNH-pTIR1-TIR1,,pGreenII-0179,none,TIR1,,pj5_0088,,,,Kan,,,,,pNL1503_pGRNH-pTIR1-TIR1  RW,pWL 163,pWL163_pGRNH-pTIR1-TIR1  Kan,
162,2,F,5,x,1502,,RW,pGRNH-pTIR1-TIR1-3xF-6xH,,pGreenII-0179,3xFLAG-6xHIS,TIR1,,pJ5_0087,,,,Kan,,,,,pNL1502_pGRNH-pTIR1-TIR1-3xF-6xH  RW,pWL 162,pWL162_pGRNH-pTIR1-TIR1-3xF-6xH  Kan,
161,2,F,4,,1501,,RW,pGRNH-pTIR1-AFB2,,pGreenII-0179,none,AFB2,,pj5_0086,,,,Kan,,,,,pNL1501_pGRNH-pTIR1-AFB2  RW,pWL 161,pWL161_pGRNH-pTIR1-AFB2  Kan,
160,2,F,3,x,1500,,RW,pGRNH-pTIR1-AFB2-3xF-6xH,,pGreenII-0179,3xFLAG-6xHIS,AFB2,,pJ5_0085,,,,Kan,,,,,pNL1500_pGRNH-pTIR1-AFB2-3xF-6xH  RW,pWL 160,pWL160_pGRNH-pTIR1-AFB2-3xF-6xH  Kan,
159,2,F,2,,1499,,RW,pGRNH-pTIR1-AFB2-TIR1,,pGreenII-0179,none,AFB2 f-box TIR1 LRR,,pj5_0084,,,,Kan,,,,,pNL1499_pGRNH-pTIR1-AFB2-TIR1  RW,pWL 159,pWL159_pGRNH-pTIR1-AFB2-TIR1  Kan,
158,2,F,1,x,1498,,RW,pGRNH-pTIR1-AFB2-TIR1-3xF-6xH,,pGreenII-0179,3xFLAG-6xHIS,AFB2 f-box TIR1 LRR,,pJ5_0083,,,,Kan,,,,,pNL1498_pGRNH-pTIR1-AFB2-TIR1-3xF-6xH  RW,pWL 158,pWL158_pGRNH-pTIR1-AFB2-TIR1-3xF-6xH  Kan,
157,2,E,12,x,1369,,epj,pDONR-ARF19,,pDONR,,,,180,,,DH5a,Kan,,,,,,pWL 157,pWL157_pDONR-ARF19  Kan,
156,2,E,11,x,1339,,ah/epj,pDONR-IAA31,,,,,,pKL26,,,DH5a,Kan,,,,,,pWL 156,pWL156_pDONR-IAA31  Kan,
155,2,E,10,x,1338,,ah/epj,pDONR-IAA19,,,,,,pKL20,,,DH5a,Kan,,,,,,pWL 155,pWL155_pDONR-IAA19  Kan,
154,2,E,9,x,1336,,ah/epj,pDONR-IAA6,,,,,,pKL7,,,DH5a,Kan,,,,,,pWL 154,pWL154_pDONR-IAA6  Kan,
153,2,E,8,x,1297,,epj,pDONR-IAA14,,pDONR,,,,,,,DH5a,Kan,,,,,,pWL 153,pWL153_pDONR-IAA14  Kan,
152,2,E,7,x,1198,,epj,pDONR-IAA3,,pDONR,,IAA3,,pKL4,,,DH5a,Kan,,,,,,pWL 152,pWL152_pDONR-IAA3  Kan,
151,2,E,6,x,1197,,epj,pDONR-IAA7,,pDONR,,IAA7,,pKL8,,,DH5a,Kan,,,,,,pWL 151,pWL151_pDONR-IAA7  Kan,
150,2,E,5,x,1104,,RW,pD12T-yJAZ9,,,,yeast optimized JAZ9,,TEF promoter,,E. coli,DH10B,Kan,,,,,pNL1104_pD12T-yJAZ9  RW,pWL 150,pWL150_pD12T-yJAZ9  Kan,
149,2,E,4,x,853,,blm,pDONR-TIR1,,,,,,,,,DH5a,Kan,,,,,,pWL 149,pWL149_pDONR-TIR1  Kan,
148,2,E,3,x,851,,blm,pDONR-AFB2,,,,,,,,,DH5a,Kan,,,,,,pWL 148,pWL148_pDONR-AFB2  Kan,
147,2,E,2,x,316,,cg,pDONR-IAA27_no stop,,pDONR,,"IAA CDS insert, no stop codon",IAA27,for Gateway cloning,colony 1,E. coli,DH5a,Kan,attL1,attL2,none,e. coli,,pWL 147,pWL147_pDONR-IAA27_no stop  Kan,
146,2,E,1,x,315,,cg,pDONR-IAA19_no stop,,pDONR,,"IAA CDS insert, no stop codon",IAA19,for Gateway cloning,colony 1,E. coli,DH5a,Kan,attL1,attL2,none,e. coli,,pWL 146,pWL146_pDONR-IAA19_no stop  Kan,
145,2,D,12,x,312,,jmg,pDONR-IAA14_no stop,,pDONR,,"IAA CDS insert, no stop codon",IAA14,for Gateway cloning,,E. coli,DH5a,Kan,attL1,attL2,none,e. coli,,pWL 145,pWL145_pDONR-IAA14_no stop  Kan,
144,2,D,11,x,311,,jmg,pDONR-IAA12_no stop,,pDONR,,"IAA CDS insert, no stop codon",IAA12,for Gateway cloning,,E. coli,DH5a,Kan,attL1,attL2,none,e. coli,,pWL 144,pWL144_pDONR-IAA12_no stop  Kan,
143,2,D,10,x,310,,cg,pDONR-IAA31_no stop,,pDONR,,"IAA CDS insert, no stop codon",IAA31,for Gateway cloning,colony 1,E. coli,DH5a,Kan,attL1,attL2,none,e. coli,,pWL 143,pWL143_pDONR-IAA31_no stop  Kan,
142,2,D,9,x,309,,cg,pDONR-IAA28_no stop,,pDONR,,"IAA CDS insert, no stop codon",IAA28,for Gateway cloning,colony 1,E. coli,DH5a,Kan,attL1,attL2,none,e. coli,,pWL 142,pWL142_pDONR-IAA28_no stop  Kan,
141,2,D,8,x,308,,cg,pDONR-IAA20_no stop,,pDONR,,"IAA CDS insert, no stop codon",IAA20,for Gateway cloning,colony 1,E. coli,DH5a,Kan,attL1,attL2,none,e. coli,,pWL 141,pWL141_pDONR-IAA20_no stop  Kan,
140,2,D,7,x,307,,cg,pDONR-IAA17_no stop,,pDONR,,"IAA CDS insert, no stop codon",IAA17,for Gateway cloning,colony 1,E. coli,DH5a,Kan,attL1,attL2,none,e. coli,,pWL 140,pWL140_pDONR-IAA17_no stop  Kan,
139,2,D,6,x,306,,cg,pDONR-IAA15_no stop,,pDONR,,"IAA CDS insert, no stop codon",IAA15,"for Gateway cloning, colony 1",contains silent point mutation in CDS from original template,E. coli,DH5a,Kan,attL1,attL2,none,e. coli,,pWL 139,pWL139_pDONR-IAA15_no stop  Kan,
138,2,D,5,x,305,,cg,pDONR-IAA13_no stop,,pDONR,,"IAA CDS insert, no stop codon",IAA13,for Gateway cloning,colony 1,E. coli,DH5a,Kan,attL1,attL2,none,e. coli,,pWL 138,pWL138_pDONR-IAA13_no stop  Kan,
137,2,D,4,x,304,,cg,pDONR-IAA10_no stop,,pDONR,,"IAA CDS insert, no stop codon",IAA10,for Gateway cloning,colony 1,E. coli,DH5a,Kan,attL1,attL2,none,e. coli,,pWL 137,pWL137_pDONR-IAA10_no stop  Kan,
136,2,D,3,x,303,,,pDONR-IAA8_no stop,,pDONR,,"IAA CDS insert, no stop codon",IAA8,for Gateway cloning,colony 1,E. coli,DH5a,Kan,attL1,attL2,none,e. coli,,pWL 136,pWL136_pDONR-IAA8_no stop  Kan,
135,2,D,2,x,302,,,pDONR-IAA7_no stop,,pDONR,,"IAA CDS insert, no stop codon",IAA7,for Gateway cloning,colony 1,E. coli,DH5a,Kan,attL1,attL2,none,e. coli,,pWL 135,pWL135_pDONR-IAA7_no stop  Kan,
134,2,D,1,x,301,,,pDONR-IAA6_no stop,,pDONR,,"IAA CDS insert, no stop codon",IAA6,for Gateway cloning,colony 2,E. coli,DH5a,Kan,attL1,attL2,none,e. coli,,pWL 134,pWL134_pDONR-IAA6_no stop  Kan,
133,2,C,12,x,300,,,pDONR-IAA5_no stop,,pDONR,,"IAA CDS insert, no stop codon",IAA5,for Gateway cloning,colony 1,E. coli,DH5a,Kan,attL1,attL2,none,e. coli,,pWL 133,pWL133_pDONR-IAA5_no stop  Kan,
132,2,C,11,x,299,,cg,pDONR-IAA4_no stop,,pDONR,,"IAA CDS insert, no stop codon",IAA4,for Gateway cloning,colony 1,E. coli,DH5a,Kan,attL1,attL2,none,e. coli,,pWL 132,pWL132_pDONR-IAA4_no stop  Kan,
131,2,C,10,x,298,,cg,pDONR-IAA3_no stop,,pDONR,,"IAA CDS insert, no stop codon",IAA3,for Gateway cloning,colony 1,E. coli,DH5a,Kan,attL1,attL2,none,e. coli,,pWL 131,pWL131_pDONR-IAA3_no stop  Kan,
130,2,C,9,x,297,,cg,pDONR-IAA2_no stop,,pDONR,,"IAA CDS insert, no stop codon",IAA2,for Gateway cloning,colony 1,E. coli,DH5a,Kan,attL1,attL2,none,e. coli,,pWL 130,pWL130_pDONR-IAA2_no stop  Kan,
129,2,C,8,x,296,,cg,pDONR-IAA1_no stop,,pDONR,,"IAA CDS insert, no stop codon",IAA1,for Gateway cloning,colony 1,E. coli,DH5a,Kan,attL1,attL2,none,e. coli,,pWL 129,pWL129_pDONR-IAA1_no stop  Kan,
128,2,C,7,x,120,,cg,pGreen ll 0049,,pGreen ll 0049,,,,,,E. coli,DH5a,Kan,Bgl II,BglII,,"e. coli
dna",,pWL 128,pWL128_pGreen ll 0049  Kan,
127,2,C,6,x,118,,cg,pGreenll 0179,,pGreen11,,T-DNA w/ selection for hygromycin,,,,E. coli,DH5a,Kan,Bgl II,Bgl II,Hygromycin,"e. coli
dna",,pWL 127,pWL127_pGreenll 0179  Kan,
126,2,C,5,x,1863,,cg,pCBC-DT1T2,,pCBC,NA,"a template for getting two guide-RNA sequences (A CRISPR/Cas9 toolkit for multiplex genome editing in plants,(BMC Plant Biol. 2014 Nov 29;14:327)",U6-26p Arabidopsis U6 gene promoter complexing scaffold,PCR template 1,For Cloning guide RNAs for CRISPR,E. Coli,DH5Alpha,Chloramphenicol,,,,,pNL1863_pCBC-DT1T2  ARL,pWL 126,pWL126_pCBC-DT1T2  Chloramphenicol,
125,2,C,4,x,1862,,cg,pCBC-DT2T3,,pCBC,NA,"a template for getting two guide-RNA sequences (A CRISPR/Cas9 toolkit for multiplex genome editing in plants,(BMC Plant Biol. 2014 Nov 29;14:327)",U6-26p Arabidopsis U6 gene promoter complexing scaffold,PCR template 2,For Cloning guide RNAs for CRISPR,E. Coli,DH5Alpha,Chloramphenicol,,,,,pNL1862_pCBC-DT2T3  ARL,pWL 125,pWL125_pCBC-DT2T3  Chloramphenicol,
124,2,C,3,x,1861,,cw,pCBC-DT3T4,,pCBC,NA,"a template for getting two guide-RNA sequences (A CRISPR/Cas9 toolkit for multiplex genome editing in plants,(BMC Plant Biol. 2014 Nov 29;14:327)",U6-26p Arabidopsis U6 gene promoter complexing scaffold,PCR template 3,For Cloning guide RNAs for CRISPR,E. Coli,DH5Alpha,Chloramphenicol,,,,,#REF!,pWL 124,#REF!,
123,2,C,2,x,1422,,cw,pGP6G2-ccdb,,pGP6,,,,,,,,AMP/Chlor,,,,,#REF!,pWL 123,#REF!,
122,2,C,1,x,1411,,ARL,pAG416GPD-B42AD-CAT,,pAG416GPD,B42AD-HA,TIR1,,pj5_0066,Fbox y2h,DH5a,,AMP/Chlor,,,,,#REF!,pWL 122,#REF!,
121,2,B,12,x,1410,,ARL,pAG414GPD-B42AD-COI1,,pAG414GPD,B42AD-HA,COI1,,pj5_0065,Fbox y2h,DH5a,,AMP/Chlor,,,,,#REF!,pWL 121,#REF!,
120,2,B,11,x,1409,,RW,pAG414GPD-B42AD-TIR1,,pAG414GPD,B42AD-HA,TIR1,,pj5_0064,Fbox y2h,DH5a,,AMP/Chlor,,,,,pNL1409_pAG414GPD-B42AD-TIR1  RW,pWL 120,"pWL120_pAG414GPD-B42AD-TIR1  AMP/Chlor
",
119,2,B,10,x,1105,,RW,pGP8G2-ccdB,,pGP8G,,CAT-ccdB,,pj5_0030,golden gate compatible acceptor,E. coli,DB3.1,AMP/Chlor,,,,,pNL1105_pGP8G2-ccdB  RW,pWL 119,"pWL119_pGP8G2-ccdB  AMP/Chlor
",
118,2,B,9,x,950,,epj,pACTGW-ccdB,,,,,,,,,,AMP/Chlor,,,,,,pWL 118,"pWL118_pACTGW-ccdB  AMP/Chlor
",
117,2,B,8,x,949,,epj,pASGW-ccdB,,,,,,,,,,AMP/Chlor,,,,,,pWL 117,"pWL117_pASGW-ccdB  AMP/Chlor
",
116,2,B,7,x,531,,"epj
",pGP5G-ccdB,,pGP5G-ccdB,NA,NA,NA,50,AuxSynBio,E.coli,DB3.1,AMP/Chlor,NA,NA,Leu,,,pWL 116,"pWL116_pGP5G-ccdB  AMP/Chlor
",
115,2,B,6,x,530,,"epj
",pGP6G-ccdB,,pGP6G-ccdB,NA,NA,NA,249,AuxSynBio,E.coli,DB3.1,AMP/Chlor,NA,NA,Ura,,,pWL 115,"pWL115_pGP6G-ccdB  AMP/Chlor
",
114,2,B,5,x,529,,"epj
",pGP8A-ccdB,,pGP8A-ccdB,NA,NA,NA,"155
",AuxSynBio,E.coli,DB3.1,AMP/Chlor,NA,NA,His,,,pWL 114,"pWL114_pGP8A-ccdB  AMP/Chlor
",
113,2,B,4,x,527,,"epj
",pGP8G-ccdB,,pGP8G-ccdB,"NA
",NA,NA,49,AuxSynBio,E.coli,DB3.1,AMP/Chlor,NA,NA,His,,,pWL 113,"pWL113_pGP8G-ccdB  AMP/Chlor
",
112,2,B,3,x,2159,,ARL,pMetYC-Dest,,pMetYC-Dest,,addgene# 105081,,,"(Empty Backbone) Yeast mating-based Split Ubiquitin Assay, bait vector for Gateway cloning. Cub-PLV does not contain a start codon.",E.coli,ccdB Survival,AMP/Chlor,,,,,pNL2159_pMetYC-Dest  ARL,pWL 112,pWL112_pMetYC-Dest  AMP/Chlor,
111,2,B,2,x,2158,,ARL,pMetOYC-Dest,,pMetOYC-Dest,,addgene# 105082,,,"(Empty Backbone) Yeast mating-based Split Ubiquitin Assay, bait vector for Gateway cloning",E.coli,ccdB Survival,AMP/Chlor,,,,,pNL2158_pMetOYC-Dest  ARL,pWL 111,pWL111_pMetOYC-Dest  AMP/Chlor,
110,2,B,1,x,2157,,ARL,pXNubA22-Dest,,pXNubA22-Dest,,addgene# 105087,,,"(Empty Backbone) Yeast mating-based Split Ubiquitin Assay, prey vector for Gateway cloning",E.coli,ccdB Survival,AMP/Chlor,,,,,pNL2157_pXNubA22-Dest  ARL,pWL 110,pWL110_pXNubA22-Dest  AMP/Chlor,
109,2,A,12,x,2156,,ARL,pXN21-Dest,,pXN21-Dest,,addgene# 105086,,,"(Empty Backbone) Yeast mating-based Split Ubiquitin Assay, prey vector for Gateway cloning",E.coli,ccdB Survival,AMP/Chlor,,,,,pNL2156_pXN21-Dest  ARL,pWL 109,pWL109_pXN21-Dest  AMP/Chlor,
108,2,A,11,x,2155,,ARL,pNX32-Dest,,pNX32-Dest,,addgene# 105083,,,"(Empty Backbone) Yeast mating-based Split Ubiquitin Assay, prey vector for Gateway cloning",E.coli,ccdB Survival,AMP/Chlor,,,,,pNL2155_pNX32-Dest  ARL,pWL 108,pWL108_pNX32-Dest  AMP/Chlor,
107,2,A,10,x,1879,,RW/ARL,pGP5G2-ccdB,,pGP5G,,BsaI flanked ccdB-CmR cassette,,,,E. coli,DB3.1,AMP/Chlor,,,,,pNL1879_pGP5G2-ccdB  RW/ARL,pWL 107,pWL107_pGP5G2-ccdB  AMP/Chlor,https://drive.google.com/file/d/1OKNo8fXXiAiH2OC2_qeVrbDOFHdUv915/view?usp=sharing
106,,,,,687,200219,JAB,pGP4G-TPLRD1-ccdB,,Gibson,TPLRD1,Gibson,NA,,Full Circuit,E.coli,DB3.1,AMP/Chlor,NA,NA,NA,,,pWL 106,pWL106_pGP4G-TPLRD1-ccdB 200219 AMP/Chlor,
105,2,A,8,x,526,,"epj
",pGP4GY-cccdB,,pGP4GY-ccdB,"YFP
","NA
",NA,"47
",AuxSynBio,E.coli,DB3.1,AMP/Chlor,"NA

",NA,Trp,,,pWL 105,pWL105_pGP4GY-cccdB  AMP/Chlor,
104,2,A,7,x,525,190309,epj,"pGP4G-cccdB
",,pGP4G-ccdB,NA,"NA
","NA
","48
",AuxSynBio,E.coli,DB3.1,AMP/Chlor,NA,"NA
",Trp,,,pWL 104,"pWL104_pGP4G-cccdB
 190309 AMP/Chlor",
103,2,A,6,x,2175,190309,EY,pGP8G3-AFB2,,pGP8G3,none,AFB2 in plasmid contining BbvcI cut site,AFB2,,SuperAFB,E.coli,DH5alpha,Amp,,,,,pNL2175_pGP8G3-AFB2 190309 EY,pWL 103,pWL103_pGP8G3-AFB2 190309 Amp,
102,2,A,5,x,1887,,HG,LSS-mKATE2,,,LSS-mKATE2,,,,https://www.addgene.org/44848/,,DH5Alpha,Amp,,,,,pNL1887_LSS-mKATE2  HG,pWL 102,pWL102_LSS-mKATE2  Amp,
101,2,A,4,,1756,,rw/sl,pGP8G2-TIR1_G147D-3xF,,,3xFLAG,TIR1 1001 genome variant,,,,,,Amp,,,,,pNL1756_pGP8G2-TIR1_G147D-3xF  rw/sl,pWL 101,pWL101_pGP8G2-TIR1_G147D-3xF  Amp,
100,2,A,3,,1755,,epj/ms/ah,8G-ARF19,,pNL 1369,,,,pKL 180,,,,Amp,,,,,pNL1755_8G-ARF19  epj/ms/ah,pWL 100,pWL100_8G-ARF19  Amp,
99,2,A,2,,1754,,epj/ms/ah,8G-ARF18,,pNL 1731,,,,pKL 179,,,,Amp,,,,,pNL1754_8G-ARF18  epj/ms/ah,pWL 99,pWL99_8G-ARF18  Amp,
98,2,A,1,,1753,,epj/ms/ah,8G-ARF17,,pNL 1730,,,,pKL 178,,,,Amp,,,,,pNL1753_8G-ARF17  epj/ms/ah,pWL 98,pWL98_8G-ARF17  Amp,
97,1,H,12,,1752,,epj/ms/ah,8G-ARF16,,pNL 1729,,,,pKL 177,,,,Amp,,,,,pNL1752_8G-ARF16  epj/ms/ah,pWL 97,pWL97_8G-ARF16  Amp,
96,1,H,11,,431,,epj,pGP4G-ARF4,,pGP4G-ccdB,NA,pDONR-ARF4,ARF4,419,AuxSynBio,E.coli,DH5a,AMP,NA,NA,Trp,"e. coli
dna",,pWL 96,pWL96_pGP4G-ARF4  AMP,
95,1,H,10,,1758,,epj,4GY-ARF3,,,,,,pKL 647,,,,,,,,DNA only,pNL1758_4GY-ARF3  epj,pWL 95,pWL95_4GY-ARF3  ,
94,1,H,9,,1845,,al,4A-ARF8,,,,,,,,,,,,,,,,pWL 94,pWL94_4A-ARF8  ,
93,1,H,8,,1841,,,4A-ARF1,,,,,,,,,,,,,,,,pWL 93,pWL93_4A-ARF1  ,
92,1,H,7,,1304,,epj,8A-ARF2,,8A-ccdB,,ARF2,,553,,E.coli,DH5a,Ampicillin,,,,,pNL1304_8A-ARF2  epj,pWL 92,pWL92_8A-ARF2  Ampicillin,
91,1,H,6,,1305,,epj,8A-ARF5,,8A-ccdB,,ARF5,,554,,E.coli,DH5a,Ampicillin,,,,,pNL1305_8A-ARF5  epj,pWL 91,pWL91_8A-ARF5  Ampicillin,
90,1,H,5,,1306,,epj,8A-ARF7,,8A-ccdB,,ARF7,,555,,E.coli,DH5a,Ampicillin,,,,,pNL1306_8A-ARF7  epj,pWL 90,pWL90_8A-ARF7  Ampicillin,
89,1,H,4,,1307,,epj,8A-ARF8,,8A-ccdB,,ARF8,,556,,E.coli,DH5a,Ampicillin,,,,,pNL1307_8A-ARF8  epj,pWL 89,pWL89_8A-ARF8  Ampicillin,
88,1,H,3,,1308,,epj,8A-ARF6,,8A-ccdB,,ARF6,,557,,E.coli,DH5a,Ampicillin,,,,,pNL1308_8A-ARF6  epj,pWL 88,pWL88_8A-ARF6  Ampicillin,
87,1,H,2,,1309,,epj,8A-ARF19,,8A-ccdB,,ARF19,,558,,E.coli,DH5a,Ampicillin,,,,,pNL1309_8A-ARF19  epj,pWL 87,pWL87_8A-ARF19  Ampicillin,
86,1,H,1,,1335,,epj,pGP8A-ARF3,,pGP8A-ccdB,,ARF3 (no yeast kozak),,,,,,,,,,,pNL1335_pGP8A-ARF3  epj,pWL 86,pWL86_pGP8A-ARF3  ,
85,1,G,12,,1722,,blm,p(delta)FRB-CBRN,,,,,,,,,,Amp,,,,,pNL1722_p(delta)FRB-CBRN  blm,pWL 85,pWL85_p(delta)FRB-CBRN  Amp,
84,1,G,11,,1721,,blm,p(delta)FRB-CBGN,,,,,,,,,,Amp,,,,,pNL1721_p(delta)FRB-CBGN  blm,pWL 84,pWL84_p(delta)FRB-CBGN  Amp,
83,1,G,10,,1720,,blm,p(delta)FRB-FLucN,,,,,,,,,,Amp,,,,,pNL1720_p(delta)FRB-FLucN  blm,pWL 83,pWL83_p(delta)FRB-FLucN  Amp,
82,1,G,9,x,1704,,blm,pCBG-GGSS-+DTom,,,,,,,,,,Amp,,,,,pNL1704_pCBG-GGSS-+DTom  blm,pWL 82,pWL82_pCBG-GGSS-+DTom  Amp,
81,1,G,8,x,1703,,blm,pFRB-NLuc,,,,,,,,,,Amp,,,,,pNL1703_pFRB-NLuc  blm,pWL 81,pWL81_pFRB-NLuc  Amp,
80,1,G,7,x,1702,,blm,pCLuc-FKBP,,,,,,,,,,Amp,,,,,pNL1702_pCLuc-FKBP  blm,pWL 80,pWL80_pCLuc-FKBP  Amp,
79,1,G,6,x,1701,,blm,pCBRC-FKBP,,,,,,,,,,Amp,,,,,pNL1701_pCBRC-FKBP  blm,pWL 79,pWL79_pCBRC-FKBP  Amp,
78,1,G,5,x,1700,,blm,pCBGC-FKBP,,,,,,,,,,Amp,,,,,pNL1700_pCBGC-FKBP  blm,pWL 78,pWL78_pCBGC-FKBP  Amp,
77,1,G,4,x,1699,,blm,pFN-mut,,,,,,,,,,Amp,,,,,pNL1699_pFN-mut  blm,pWL 77,pWL77_pFN-mut  Amp,
76,1,G,3,x,1698,,blm,pCBRN-mut,,,,,,,,,,Amp,,,,,pNL1698_pCBRN-mut  blm,pWL 76,pWL76_pCBRN-mut  Amp,
75,1,G,2,x,1697,,blm,pCBGN-mut,,,,,,,,,,Amp,,,,,pNL1697_pCBGN-mut  blm,pWL 75,pWL75_pCBGN-mut  Amp,
74,1,G,1,x,1573,,RW,pRS316-RGR-GFP-mHDV,,,,,,,,,,Amp,,,,,pNL1573_pRS316-RGR-GFP-mHDV ,pWL 74,pWL74_pRS316-RGR-GFP-mHDV  Amp,
73,1,F,12,x,1572,,RW,pRS316-RGR-GFP-mm,,,,,,,,,,Amp,,,,,pNL1572_pRS316-RGR-GFP-mm ,pWL 73,pWL73_pRS316-RGR-GFP-mm  Amp,
72,1,F,11,x,1571,,RW,pRS316-RGR-GFP-mHH,,,,,,,,,,Amp,,,,,pNL1571_pRS316-RGR-GFP-mHH ,pWL 72,pWL72_pRS316-RGR-GFP-mHH  Amp,
71,1,F,10,x,1570,,RW,pRS316-RGR-GFP,,,,,,,,,,Amp,,,,,pNL1570_pRS316-RGR-GFP ,pWL 71,pWL71_pRS316-RGR-GFP  Amp,
70,1,F,9,x,1569,,RW,pACT2-CAS9c,,,,,,,,,,Amp,,,,,pNL1569_pACT2-CAS9c ,pWL 70,pWL70_pACT2-CAS9c  Amp,
69,1,F,8,x,1561,,RW,(pGP8G2)_(PtAFB6)_(3xF6xH_),,pGP8G2,3xFLAG6xhis,,,pj5_0104,,,,Amp,,,,,pNL1561_(pGP8G2)_(PtAFB6)_(3xF6xH_) ,pWL 69,pWL69_(pGP8G2)_(PtAFB6)_(3xF6xH_)  Amp,
68,1,F,7,x,1560,,RW,(pGP8G2)_(AFB5)_(3xF6xH_),,pGP8G2,3xFLAG6xhis,,,pj5_0103,,,,Amp,,,,,pNL1560_(pGP8G2)_(AFB5)_(3xF6xH_) ,pWL 68,pWL68_(pGP8G2)_(AFB5)_(3xF6xH_)  Amp,
67,1,F,6,x,1559,,RW,(pGP8G2)_(AFB4)_(3xF6xH_),,pGP8G2,3xFLAG6xhis,,,pj5_0102,,,,Amp,,,,,pNL1559_(pGP8G2)_(AFB4)_(3xF6xH_) ,pWL 67,pWL67_(pGP8G2)_(AFB4)_(3xF6xH_)  Amp,
66,1,F,5,x,1558,,RW,(pGP8G2)_(AFB3)_(3xF6xH_),,pGP8G2,3xFLAG6xhis,,,pj5_0101,,,,Amp,,,,,pNL1558_(pGP8G2)_(AFB3)_(3xF6xH_) ,pWL 66,pWL66_(pGP8G2)_(AFB3)_(3xF6xH_)  Amp,
65,1,F,4,x,1557,,RW,(pGP8G2)_(AFB1)_(3xF6xH_),,pGP8G2,3xFLAG6xhis,,,pj5_0100,,,,Amp,,,,,pNL1557_(pGP8G2)_(AFB1)_(3xF6xH_) ,pWL 65,pWL65_(pGP8G2)_(AFB1)_(3xF6xH_)  Amp,
64,1,F,3,x,1556,,RW,pGP8G2-TIR1f-AFB2l-3xF6xH,,pGP8G2,3xFLAG6xhis,,,pj5_0099,,,,Amp,,,,,pNL1556_pGP8G2-TIR1f-AFB2l-3xF6xH ,pWL 64,pWL64_pGP8G2-TIR1f-AFB2l-3xF6xH  Amp,
63,1,F,2,x,1555,,RW,(pGP8G2)_(TIR1f)_(TIR1l)_(3xF6xH_),,pGP8G2,3xFLAG6xhis,,,pj5_0098,,,,Amp,,,,,pNL1555_(pGP8G2)_(TIR1f)_(TIR1l)_(3xF6xH_) ,pWL 63,pWL63_(pGP8G2)_(TIR1f)_(TIR1l)_(3xF6xH_)  Amp,
62,1,F,1,x,1554,,RW,(pGP8G2)_(AFB2f)_(PtAFB6l)_(3xF6xH_),,pGP8G2,3xFLAG6xhis,,,pj5_0097,,,,Amp,,,,,pNL1554_(pGP8G2)_(AFB2f)_(PtAFB6l)_(3xF6xH_) ,pWL 62,pWL62_(pGP8G2)_(AFB2f)_(PtAFB6l)_(3xF6xH_)  Amp,
61,1,E,12,x,1553,,RW,(pGP8G2)_(AFB2f)_(AFB5l)_(3xF6xH_),,pGP8G2,3xFLAG6xhis,,,pj5_0096,,,,Amp,,,,,pNL1553_(pGP8G2)_(AFB2f)_(AFB5l)_(3xF6xH_) ,pWL 61,pWL61_(pGP8G2)_(AFB2f)_(AFB5l)_(3xF6xH_)  Amp,
60,1,E,11,x,1552,,RW,(pGP8G2)_(AFB2f)_(AFB4l)_(3xF6xH_),,pGP8G2,3xFLAG6xhis,,,pj5_0095,,,,Amp,,,,,pNL1552_(pGP8G2)_(AFB2f)_(AFB4l)_(3xF6xH_) ,pWL 60,pWL60_(pGP8G2)_(AFB2f)_(AFB4l)_(3xF6xH_)  Amp,
59,1,E,10,x,1551,,RW,(pGP8G2)_(AFB2f)_(AFB3l)_(3xF6xH_),,pGP8G2,3xFLAG6xhis,,,pj5_0094,,,,Amp,,,,,pNL1551_(pGP8G2)_(AFB2f)_(AFB3l)_(3xF6xH_) ,pWL 59,pWL59_(pGP8G2)_(AFB2f)_(AFB3l)_(3xF6xH_)  Amp,
58,1,E,9,x,1550,,RW,(pGP8G2)_(AFB2f)_(AFB1l)_(3xF6xH_),,pGP8G2,3xFLAG6xhis,,,pj5_0093,,,,Amp,,,,,pNL1550_(pGP8G2)_(AFB2f)_(AFB1l)_(3xF6xH_) ,pWL 58,pWL58_(pGP8G2)_(AFB2f)_(AFB1l)_(3xF6xH_)  Amp,
57,1,E,8,x,1549,,RW,(pGP8G2)_(AFB2f)_(AFB2l)_(3xF6xH_),,pGP8G2,3xFLAG6xhis,,,pj5_0092,,,,Amp,,,,,pNL1549_(pGP8G2)_(AFB2f)_(AFB2l)_(3xF6xH_) ,pWL 57,pWL57_(pGP8G2)_(AFB2f)_(AFB2l)_(3xF6xH_)  Amp,
56,1,E,7,x,1548,,RW,(pGP8G2)_(AFB2f)_(TIR1l)_(3xF6xH_),,pGP8G2,3xFLAG6xhis,,,pj5_0091,,,,Amp,,,,,pNL1548_(pGP8G2)_(AFB2f)_(TIR1l)_(3xF6xH_) ,pWL 56,pWL56_(pGP8G2)_(AFB2f)_(TIR1l)_(3xF6xH_)  Amp,
55,1,E,6,,1469,,RW,pGP8G2-TIR1-HA,,,,,,pj5_0082,,,,Amp,,,,,pNL1469_pGP8G2-TIR1-HA  RW,pWL 55,pWL55_pGP8G2-TIR1-HA  Amp,
54,1,E,5,x,1468,,RW,pGP8G2-TIR1-4xMyc,,,,,,pj5_0081,,,,Amp,,,,,pNL1468_pGP8G2-TIR1-4xMyc  RW,pWL 54,pWL54_pGP8G2-TIR1-4xMyc  Amp,
53,1,E,4,x,1465,,ZW,pGP6G2-mTURQ2-F-JAR1-3,,pGP6G,mTURQ2,,,,,,,Amp,,,,,pNL1465_pGP6G2-mTURQ2-F-JAR1-3  ZW,pWL 53,pWL53_pGP6G2-mTURQ2-F-JAR1-3  Amp,
52,1,E,3,,1464,,ZW,pGP6G2-mTURQ2-F-JAR1-2,,pGP6G,mTURQ2,,,,,,,Amp,,,,,pNL1464_pGP6G2-mTURQ2-F-JAR1-2  ZW,pWL 52,pWL52_pGP6G2-mTURQ2-F-JAR1-2  Amp,
51,1,E,2,x,1463,,ZW,pGP6G2-HA-GG-JAR1-3,,pGP6G,HA,,,,,,,Amp,,,,,pNL1463_pGP6G2-HA-GG-JAR1-3  ZW,pWL 51,pWL51_pGP6G2-HA-GG-JAR1-3  Amp,
50,1,E,1,x,1462,,ZW,pGP6G2-HA-GG-JAR1-2,,pGP6G,HA,,,,,,,Amp,,,,,pNL1462_pGP6G2-HA-GG-JAR1-2  ZW,pWL 50,pWL50_pGP6G2-HA-GG-JAR1-2  Amp,
49,1,D,12,,1453,,RW,pGP4GkP-IAA17-JAZ9-2xSV40,,,,lowest kozak,,pj5_0075,,,,Amp,,,,,pNL1453_pGP4GkP-IAA17-JAZ9-2xSV40  RW,pWL 49,pWL49_pGP4GkP-IAA17-JAZ9-2xSV40  Amp,
48,1,D,11,,1452,,RW,pGP4GlP-IAA17-JAZ9-2xSV40,,,,lower kozak ,,pj5_0074,,,,Amp,,,,,pNL1452_pGP4GlP-IAA17-JAZ9-2xSV40  RW,pWL 48,pWL48_pGP4GlP-IAA17-JAZ9-2xSV40  Amp,
47,1,D,10,,1451,,RW,pGP4GoP-IAA17-JAZ9-2xSV40,,,,original kozak,,pj5_0073,,,,Amp,,,,,pNL1451_pGP4GoP-IAA17-JAZ9-2xSV40  RW,pWL 47,pWL47_pGP4GoP-IAA17-JAZ9-2xSV40  Amp,
46,1,D,9,,1421,,RW,pYI5-4LexAop-LEU2,,pGP5,,4LexAop in place of LEU2 promoter,,pj5_0062,Fbox y2h,DH5a,,Amp,,,,,,pWL 46,pWL46_pYI5-4LexAop-LEU2  Amp,
45,1,D,8,,1420,,RW,pYI8-4LexAop-HIS3,,pGP8,,4LexAop in place of HIS3 promoter,,pj5_0061,Fbox y2h,DH5a,,Amp,,,,,,pWL 45,pWL45_pYI8-4LexAop-HIS3  Amp,
44,1,D,7,,1408,,RW,pKGLAD-IAA17.t1-JAZ9,,pKGLAD,LexA-DBD,IAA17.t1-JAZ9 ,,pJ5_0063,Fbox y2h,DH5a,,Amp,,,,,pNL1408_pKGLAD-IAA17.t1-JAZ9  RW,pWL 44,pWL44_pKGLAD-IAA17.t1-JAZ9  Amp,
43,1,D,6,x,1398,,RW,pAG416GPD-ccdB,,,,,,,From Fields lab Lindquist plates,,DH5a,Amp,,,,,pNL1398_pAG416GPD-ccdB  RW,pWL 43,pWL43_pAG416GPD-ccdB  Amp,
42,1,D,5,x,1397,,RW,pAG414GPD-ccdB,,,,,,,From Fields lab Lindquist plates,,DH5a,Amp,,,,,pNL1397_pAG414GPD-ccdB  RW,pWL 42,pWL42_pAG414GPD-ccdB  Amp,
41,1,D,4,x,1368,,RW,pGSHU,,,,,,,,,,Amp,,,,,pNL1368_pGSHU  RW,pWL 41,pWL41_pGSHU  Amp,
40,1,D,3,x,1367,,RW,pGSKU,,,,,,,,,,Amp,,,,,pNL1367_pGSKU  RW,pWL 40,pWL40_pGSKU  Amp,
39,1,D,2,x,1357,,RW,pGP4GP-IAA17.t1-JAZ9-2xSV40,,pGP4G2,N-myYPET,6xGS-IAA17.t1-3xGGSGG-JAZ9-2xGA-2xSV40,,,,,,Amp,,,,,pNL1357_pGP4GP-IAA17.t1-JAZ9-2xSV40  RW,pWL 39,pWL39_pGP4GP-IAA17.t1-JAZ9-2xSV40  Amp,
38,1,D,1,x,1356,,RW,DH5a - Empty Strain,,,,,,pj5_0054,,DH5alpha,,Amp,,,,,pNL1356_DH5a - Empty Strain  RW,pWL 38,pWL38_DH5a - Empty Strain  Amp,
37,1,C,12,x,1345,,RW,pGP4GP-IAA17-2xSV40,,pGP4G,n-myYPET,IAA17-2xSV40,,pj5_050,,,,Amp,,,,,pNL1345_pGP4GP-IAA17-2xSV40  RW,pWL 37,pWL37_pGP4GP-IAA17-2xSV40  Amp,
36,1,C,11,x,1344,,RW,pGP4GVd-IAA17-2xSV40,,pGP4G,nVENUS-dark,IAA17-2xSV40,,pj5_051,,,,Amp,,,,,pNL1344_pGP4GVd-IAA17-2xSV40  RW,pWL 36,pWL36_pGP4GVd-IAA17-2xSV40  Amp,
35,1,C,10,x,1223,,RW,pGP8G2-COI1gg,,pGP8G2,,BsaI-sites removed by silent mutation,,,pj5_0039,,,Amp,,,,,pNL1223_pGP8G2-COI1gg  RW,pWL 35,pWL35_pGP8G2-COI1gg  Amp,
34,1,C,9,x,1222,,RW,pGP4G2-ccdB,,pGP4G2,,golden gate acceptor,,,pj5_0038,,,Amp,,,,,pNL1222_pGP4G2-ccdB  RW,pWL 34,pWL34_pGP4G2-ccdB  Amp,
33,1,C,8,x,1221,,RW,pGP4G2V-IAA1 ,,pGP4G2,yEVENUS/2x SV40,,,,pj5_0036,,,Amp,,,,,pNL1221_pGP4G2V-IAA1   RW,pWL 33,pWL33_pGP4G2V-IAA1   Amp,
32,1,C,7,x,1220,,RW,pGP4G2V-IAA14,,pGP4G2,yEVENUS/2x SV40,,,,pj5_0035,,,Amp,,,,,pNL1220_pGP4G2V-IAA14  RW,pWL 32,pWL32_pGP4G2V-IAA14  Amp,
31,1,C,6,x,1219,,RW,pGP4G2V-IAA17,,pGP4G2,yEVENUS/2x SV40,,,,pj5_0034,,,Amp,,,,,pNL1219_pGP4G2V-IAA17  RW,pWL 31,pWL31_pGP4G2V-IAA17  Amp,
30,1,C,5,x,1094,,RW,pGP4GV-3xGGSGG-JAZ9-2xSV40NLS,,,yEVENUS,,,pj5_0002,,E. coli,DH5alpha,Amp,,,,,pNL1094_pGP4GV-3xGGSGG-JAZ9-2xSV40NLS  RW,pWL 30,pWL30_pGP4GV-3xGGSGG-JAZ9-2xSV40NLS  Amp,
29,1,C,4,x,1093,,RW,pGP4GV-3xGGSGG-JAZ1-2xSV40NLS,,,yEVENUS,,,pj5_0001,,E. coli,DH5alpha,Amp,,,,,pNL1093_pGP4GV-3xGGSGG-JAZ1-2xSV40NLS  RW,pWL 29,pWL29_pGP4GV-3xGGSGG-JAZ1-2xSV40NLS  Amp,
28,1,C,3,x,1073,,RW,pB42AD-GW-stop,,pB42AD-GW,N-LexA-AD,,,,COI1/JAZ Y2H,DH5a,,Amp,,,,,,pWL 28,pWL28_pB42AD-GW-stop  Amp,
27,1,C,2,x,1072,,RW,pB42AD-GW-JAZ9-Ntag,,pB42AD-GW,N-LexA-AD,,,,COI1/JAZ Y2H,DH5a,,Amp,,,,,,pWL 27,pWL27_pB42AD-GW-JAZ9-Ntag  Amp,
26,1,C,1,x,1071,,RW,pB42AD-GW-JAZ9-native,,pB42AD-GW,N-LexA-AD,,,,COI1/JAZ Y2H,DH5a,,Amp,,,,,,pWL 26,pWL26_pB42AD-GW-JAZ9-native  Amp,
25,1,B,12,x,1070,,RW,pB42AD-GW-JAZ1-Ntag,,pB42AD-GW,N-LexA-AD,,,,COI1/JAZ Y2H,DH5a,,Amp,,,,,,pWL 25,pWL25_pB42AD-GW-JAZ1-Ntag  Amp,
24,1,B,11,x,1069,,RW,pB42AD-GW-JAZ1-native,,pB42AD-GW,N-LexA-AD,,,,COI1/JAZ Y2H,DH5a,,Amp,,,,,,pWL 24,pWL24_pB42AD-GW-JAZ1-native  Amp,
23,1,B,10,xx,1068,,RW,pB42AD-GW-COI1,,pB42AD-GW,N-LexA-AD,,,,COI1/JAZ Y2H,DH5a,,Amp,,,,,,pWL 23,pWL23_pB42AD-GW-COI1  Amp,
22,1,B,9,x,1067,,RW,pGILDA-GW-stop,,pGILDA-GW,N-LexA-DBD,,,,COI1/JAZ Y2H,DH5a,,Amp,,,,,,pWL 22,pWL22_pGILDA-GW-stop  Amp,
21,1,B,8,x,1066,,RW,pGILDA-GW-JAZ9-Ntag,,pGILDA-GW,N-LexA-DBD,,,,COI1/JAZ Y2H,DH5a,,Amp,,,,,,pWL 21,pWL21_pGILDA-GW-JAZ9-Ntag  Amp,
20,1,B,7,xx,1065,,RW,pGILDA-GW-JAZ9-native,,pGILDA-GW,N-LexA-DBD,,,,COI1/JAZ Y2H,DH5a,,Amp,,,,,,pWL 20,pWL20_pGILDA-GW-JAZ9-native  Amp,
19,1,B,6,x,1064,,RW,pGILDA-GW-JAZ1-Ntag,,pGILDA-GW,N-LexA-DBD,,,,COI1/JAZ Y2H,DH5a,,Amp,,,,,,pWL 19,pWL19_pGILDA-GW-JAZ1-Ntag  Amp,
18,1,B,5,x,1063,,RW,pGILDA-GW-JAZ1-native,,pGILDA-GW,N-LexA-DBD,,,,COI1/JAZ Y2H,DH5a,,Amp,,,,,,pWL 18,pWL18_pGILDA-GW-JAZ1-native  Amp,
17,1,B,4,x,1062,,RW,pGILDA-GW-COI1,,pGILDA-GW,N-LexA-DBD,,,,COI1/JAZ Y2H,DH5a,,Amp,,,,,,pWL 17,pWL17_pGILDA-GW-COI1  Amp,
16,1,B,3,x,1029,,blm,pGP4GY-PpIAA2,,,,,,,,,,Amp,,,,e. coli,,pWL 16,pWL16_pGP4GY-PpIAA2  Amp,
15,1,B,2,x,1028,,blm,pGP4GY-PpIAA1B,,,,,,,,,,Amp,,,,e. coli,,pWL 15,pWL15_pGP4GY-PpIAA1B  Amp,
14,1,B,1,x,1027,,blm,pGP4GY-PpIAA1A,,,,,,,,,,Amp,,,,e. coli,,pWL 14,pWL14_pGP4GY-PpIAA1A  Amp,
13,1,A,12,x,1026,,blm,pGP5G-PintaAFB6,,,,,,,,,,Amp,,,,e. coli,,pWL 13,pWL13_pGP5G-PintaAFB6  Amp,
12,1,A,11,x,1025,,blm,pGP5G-PintaAFB4A,,,,,,,,,,Amp,,,,e. coli,,pWL 12,pWL12_pGP5G-PintaAFB4A  Amp,
11,1,A,10,x,1024,,blm,pGP5G-PintaTIR1,,,,,,,,,,Amp,,,,e. coli,,pWL 11,pWL11_pGP5G-PintaTIR1  Amp,
10,1,A,9,x,1023,,blm,pGP5G-PpAFB4,,,,,,,,,,Amp,,,,e. coli,,pWL 10,pWL10_pGP5G-PpAFB4  Amp,
9,1,A,8,x,1022,,blm,pGP5G-PpAFB3,,,,,,,,,,Amp,,,,e. coli,,pWL 9,pWL9_pGP5G-PpAFB3  Amp,
8,1,A,7,x,1021,,blm,pGP5G-PpAFB2,,,,,,,,,,Amp,,,,e. coli,,pWL 8,pWL8_pGP5G-PpAFB2  Amp,
7,1,A,6,x,1020,,blm,pGP5G-PpAFB1,,,,,,,,,,Amp,,,,e. coli,,pWL 7,pWL7_pGP5G-PpAFB1  Amp,
6,1,A,5,x,947,,mk and al,pGP8G TagRFP AFB2 NLS,,pGP4GY,,,,,,,,Amp,,,,,,pWL 6,pWL6_pGP8G TagRFP AFB2 NLS  Amp,
5,1,A,4,x,808,,BLM,pGP5G-TIR1-E12K,,pGP5G,,,,,,,,Amp,,,,,pNL808_pGP5G-TIR1-E12K 4 Sept 15 BLM,pWL 5,pWL5_pGP5G-TIR1-E12K  Amp,
3,1,A,3,xx,718,190319,epj,6pIAA19mCherry-stop,,Gibson,NA,GIbson,stop,,AuxSynBio,E.coli,DH5a,Amp,NA,NA,NA,,,pWL 3,pWL3_6pIAA19mCherry-stop 190319 Amp,
2,1,A,2,x,678,,epj,pGP6pIAA19Cyc1-Cerulean,,6pIAA19CYC1-ccdB,NA,pDONR-Cerulean,Cerulean,,AuxSynBio,E.coli,DH5a,Amp,NA,NA,NA,,,pWL 2,pWL2_pGP6pIAA19Cyc1-Cerulean  Amp,
1,1,A,1,x,677,,epj,pGP6pIAA19Cyc1-Venus,,6pIAA19CYC1-ccdB,NA,pDONR-Venus,Venus,,AuxSynBio,E.coli,DH5a,Amp,NA,NA,NA,,,pWL 1,pWL1_pGP6pIAA19Cyc1-Venus  Amp,
